"id","category","title","province","host_id","complex_id","source_url","cloudinary_thumbnail","photographs"
"029f7714-689e-5b0a-8fd7-c28aa0c600fd","STAY","Khách sạn Sài Gòn Vĩnh Long — Suite Room","Vĩnh Long","d4b2a62a-b26d-52bd-88df-384b5d854f08","bf2e7d2e-9f1e-56d4-8ded-f0262c5e18d6","https://saigonvinhlonghotel.vn/deluxe-suite/","https://res.cloudinary.com/p1kxfhlw/image/upload/v1791214253/admin-uploads/seeder/1da357a80a12262e288f2baf04f10e0bca37419c5f1ae96906753994d89628c0.webp","3"
"5d562f05-fd2c-518b-8201-d81c1ac46fd5","STAY","Khách sạn Sài Gòn Vĩnh Long — Grand Deluxe","Vĩnh Long","d4b2a62a-b26d-52bd-88df-384b5d854f08","bf2e7d2e-9f1e-56d4-8ded-f0262c5e18d6","https://saigonvinhlonghotel.vn/grand-deluxe/","https://res.cloudinary.com/p1kxfhlw/image/upload/v1791214255/admin-uploads/seeder/71d0a75dadd8d3d385c0bfae9f9ffc8771c8ff218d03eec949b3ff337beed4cc.webp","3"
"7b3f373f-f77a-5039-855e-f68782ad47ea","STAY","Khách sạn Sài Gòn Vĩnh Long — Deluxe Room","Vĩnh Long","d4b2a62a-b26d-52bd-88df-384b5d854f08","bf2e7d2e-9f1e-56d4-8ded-f0262c5e18d6","https://saigonvinhlonghotel.vn/deluxe-room/","https://res.cloudinary.com/p1kxfhlw/image/upload/v1791214260/admin-uploads/seeder/103ce34fe641de9400c2297c4e180eb4d0fca434a7bfd1a9846703fc7a8d6835.webp","3"
"58f40c99-d056-5ee8-8221-9228e829f08f","STAY","Khách sạn Sài Gòn Vĩnh Long — Superior Room","Vĩnh Long","d4b2a62a-b26d-52bd-88df-384b5d854f08","bf2e7d2e-9f1e-56d4-8ded-f0262c5e18d6","https://saigonvinhlonghotel.vn/superior-room/","https://res.cloudinary.com/p1kxfhlw/image/upload/v1791214261/admin-uploads/seeder/c5a14d5feb14e2afb3585fed8bd86d70206be5976287427ab0f2fd53269df68a.webp","3"
"984a599f-6b80-542e-80b2-cbf1934d6586","SVC","Mekong Restaurant — Khách sạn Sài Gòn Vĩnh Long","Vĩnh Long","d4b2a62a-b26d-52bd-88df-384b5d854f08","bf2e7d2e-9f1e-56d4-8ded-f0262c5e18d6","https://saigonvinhlonghotel.vn/boulevard-restaurant/","https://res.cloudinary.com/p1kxfhlw/image/upload/v1791214269/admin-uploads/seeder/3ab11cd4b11ded2a1d8c2fa04b5ff6d02f90c6375e904a794aec0d70e881ef8f.webp","3"
"b7d93b56-389e-5b25-8075-daa74e5a53f6","SVC","Hotel Spa — Khách sạn Sài Gòn Vĩnh Long","Vĩnh Long","d4b2a62a-b26d-52bd-88df-384b5d854f08","bf2e7d2e-9f1e-56d4-8ded-f0262c5e18d6","https://saigonvinhlonghotel.vn/hotel-spa/","https://res.cloudinary.com/p1kxfhlw/image/upload/v1791214273/admin-uploads/seeder/821b088c4404dcdde9f02f29772c0c09f392f604193b973b408ecb4043a88871.webp","3"
"6a3ccc46-7f95-59e9-8eff-e7be1f26e07f","STAY","Diamond Stars Bến Tre — SIGNATURE DELUXE","Vĩnh Long","2a48b5b7-2f3b-55d0-82c7-3295406f43d1","7a55952b-1b04-5ead-889d-88878442897b","https://diamondstarbentre.com/vn/deluxe.html","https://res.cloudinary.com/p1kxfhlw/image/upload/v1791214278/admin-uploads/seeder/eb60e6e19f70615ad9982ffc2bdf06889365e89c510e271a513830f66125f5c5.webp","1"
"6ab1a4a7-5321-56f2-82fc-1d05d0ead3ed","STAY","Diamond Stars Bến Tre — PRIME SUITE","Vĩnh Long","2a48b5b7-2f3b-55d0-82c7-3295406f43d1","7a55952b-1b04-5ead-889d-88878442897b","https://diamondstarbentre.com/vn/suite.html","https://res.cloudinary.com/p1kxfhlw/image/upload/v1791214282/admin-uploads/seeder/c8124673610cb8d972e64ad33e3cde2eaf54dea39e77f612bcde5dfef7aba0d0.webp","1"
"16c092c6-aa5b-5959-83a1-14836a67b556","STAY","Diamond Stars Bến Tre — ELITE SUITE","Vĩnh Long","2a48b5b7-2f3b-55d0-82c7-3295406f43d1","7a55952b-1b04-5ead-889d-88878442897b","https://diamondstarbentre.com/vn/elite-suite.html","https://res.cloudinary.com/p1kxfhlw/image/upload/v1791214285/admin-uploads/seeder/9297b58de620ce0dfe34b8cdbd3fd06e50b33381d2c6ed25b1e281508307ecb6.webp","1"
"910e6939-7d99-56fa-8eb0-ddc699b1b91e","STAY","Diamond Stars Bến Tre — Presidential Suite","Vĩnh Long","2a48b5b7-2f3b-55d0-82c7-3295406f43d1","7a55952b-1b04-5ead-889d-88878442897b","https://diamondstarbentre.com/vn/presidential-suite.html","https://res.cloudinary.com/p1kxfhlw/image/upload/v1791214285/admin-uploads/seeder/b2c32afc4a8a5ca064f7f3cfeb87054d3417ece6dbb4c2908094af595bcd5740.webp","1"
"75dc8460-0d72-5132-8667-fc0ef7bd9831","STAY","Diamond Stars Bến Tre — COZY SUPERIOR","Vĩnh Long","2a48b5b7-2f3b-55d0-82c7-3295406f43d1","7a55952b-1b04-5ead-889d-88878442897b","https://diamondstarbentre.com/vn/superior.html","https://res.cloudinary.com/p1kxfhlw/image/upload/v1791214287/admin-uploads/seeder/56decc1b34fcda3d9e794a6e8fab82a1b4f98873f2f5ec8a1b2ca88b9bfd2b00.webp","1"
"95c4ca6b-4c46-5de0-8ecc-116456236fd0","SVC","Nhà hàng Diamond Stars — Diamond Stars Bến Tre","Vĩnh Long","2a48b5b7-2f3b-55d0-82c7-3295406f43d1","7a55952b-1b04-5ead-889d-88878442897b","https://diamondstarbentre.com/vn/nha-hang.html","https://res.cloudinary.com/p1kxfhlw/image/upload/v1791214288/admin-uploads/seeder/88229ecc532e8e966d9a012caa4f885b6ba90de9000e0a47ef3edd94314cae1c.webp","3"
"c616f3c3-1ffa-5276-8755-e137c3f101ea","SVC","Spa & Massage — Diamond Stars Bến Tre","Vĩnh Long","2a48b5b7-2f3b-55d0-82c7-3295406f43d1","7a55952b-1b04-5ead-889d-88878442897b","https://diamondstarbentre.com/vn/dich-vu/spa.html","https://res.cloudinary.com/p1kxfhlw/image/upload/v1791214290/admin-uploads/seeder/6a65e95c06ce6b0b46d56df8bd6a7c5318062d3d5fac37b69f797e3a18add9a4.webp","3"
"a6829530-10c1-5e5f-82f3-b09f6c15f38c","STAY","Konklor Bungalow Garden Hotel — Phòng Family Hướng Vườn","Quảng Ngãi","eb32ea77-1c15-5e36-8f51-ae9678beedc5","","https://konklorhotel.vn/phong-gia-dinh","https://res.cloudinary.com/p1kxfhlw/image/upload/v1791214294/admin-uploads/seeder/9297f60a601a791fb06417fa66a4056ffedbbe2e6c0a4da7e992b44beab6d8d7.webp","1"
"c862ac82-f434-5b4c-8ec4-1e6748c192d2","STAY","Konklor Bungalow Garden Hotel — Phòng Giường Đôi Sang Trọng Tiện Nghi","Quảng Ngãi","eb32ea77-1c15-5e36-8f51-ae9678beedc5","","https://konklorhotel.vn/phong-giuong-doi-sang-trong-tien-nghi","https://res.cloudinary.com/p1kxfhlw/image/upload/v1791214296/admin-uploads/seeder/c0be0d85e0b2f52e69165668b53b8f29d75fdfa5a26d21d4ad57416b472b7636.webp","1"
"b988ace8-4e2d-5bfc-876e-cdc088ab2ebd","STAY","Konklor Bungalow Garden Hotel — Phòng Standard Tiêu Chuẩn","Quảng Ngãi","eb32ea77-1c15-5e36-8f51-ae9678beedc5","","https://konklorhotel.vn/phong-standar-double","https://res.cloudinary.com/p1kxfhlw/image/upload/v1791214297/admin-uploads/seeder/9e6acc3e84d097e634cda65434553e01865ef2f98fea71abecdcbb88873dc621.webp","1"
"77a7e4ce-f31d-5cd8-8d0b-f38f5bd2aa56","STAY","Habana Hotel Thái Nguyên — Deluxe Double Room","Thái Nguyên","d3a85ebe-9ce2-5b0e-89cd-5eac9f0b9377","309e7e0e-511a-56d5-8ab8-05627715b6bb","https://habanahotel.com.vn/","https://res.cloudinary.com/p1kxfhlw/image/upload/v1791214300/admin-uploads/seeder/c7ec7612595fa589f24bc69c2ef6537a729f5fe2d51e64c5ab512e127c46cd17.webp","1"
"36d09b57-b7b3-55e3-864c-993184d2f88f","STAY","Habana Hotel Thái Nguyên — DELUXE TWIN ROOM","Thái Nguyên","d3a85ebe-9ce2-5b0e-89cd-5eac9f0b9377","309e7e0e-511a-56d5-8ab8-05627715b6bb","https://habanahotel.com.vn/","https://res.cloudinary.com/p1kxfhlw/image/upload/v1791214300/admin-uploads/seeder/9835cca939c02261854bd9069fea6e387bcb08d02f2f19a4a63776d34e5e7b32.webp","1"
"52eb2410-3e74-5a8e-8c2d-08d1deeb510a","STAY","Habana Hotel Thái Nguyên — FAMILY ROOM","Thái Nguyên","d3a85ebe-9ce2-5b0e-89cd-5eac9f0b9377","309e7e0e-511a-56d5-8ab8-05627715b6bb","https://habanahotel.com.vn/","https://res.cloudinary.com/p1kxfhlw/image/upload/v1791214301/admin-uploads/seeder/a438783f1e00f527df76841821566f931929a7d743ebf46f91d0e656277e439d.webp","1"
"7aa01505-db6a-5a81-8af9-cbe011368870","STAY","Habana Hotel Thái Nguyên — SUPERIOR TWIN ROOM","Thái Nguyên","d3a85ebe-9ce2-5b0e-89cd-5eac9f0b9377","309e7e0e-511a-56d5-8ab8-05627715b6bb","https://habanahotel.com.vn/","https://res.cloudinary.com/p1kxfhlw/image/upload/v1791214303/admin-uploads/seeder/d9b5a50fb1c5fb4bdaed2f05ec6eb5a6259cdc133d87633b4e623d436a408c1b.webp","1"
"7c4294a0-4bbb-528c-8103-22e7d21d7544","STAY","Habana Hotel Thái Nguyên — TRIPLE ROOM","Thái Nguyên","d3a85ebe-9ce2-5b0e-89cd-5eac9f0b9377","309e7e0e-511a-56d5-8ab8-05627715b6bb","https://habanahotel.com.vn/","https://res.cloudinary.com/p1kxfhlw/image/upload/v1791214303/admin-uploads/seeder/4faded36bca6f077e4df9baacd09dc7a8867be9a2ea7b04e896e7985f91cf219.webp","1"
"cafb16b6-8df1-5416-838c-8e0232f56c9c","STAY","Khách sạn Cửu Long — Standard Twin/Double","An Giang","ef77f5ca-733d-59ff-8273-db03e1f865e8","","https://dongxuyenhotel.vn/phong/standard-twin-double/","https://res.cloudinary.com/p1kxfhlw/image/upload/v1791214305/admin-uploads/seeder/22ce0b202fe9f986665a27fe3d062843f1f38b7695c741a1c776668cce4703f3.webp","1"
"79422a34-be24-5a74-88e8-c0d4b396dd85","STAY","Khách sạn Cửu Long — Superior Twin/Double","An Giang","ef77f5ca-733d-59ff-8273-db03e1f865e8","","https://dongxuyenhotel.vn/phong/superior-twin-double-2/","https://res.cloudinary.com/p1kxfhlw/image/upload/v1791214306/admin-uploads/seeder/75efcf85325a56ad63020516f1325cce5f3b565f4ea6d9ac13220a7060e3bead.webp","1"
"066a2a25-2cc1-55b5-8872-5d9b8d00df43","STAY","Khách sạn Cửu Long — Deluxe Double","An Giang","ef77f5ca-733d-59ff-8273-db03e1f865e8","","https://dongxuyenhotel.vn/phong/deluxe-double-2/","https://res.cloudinary.com/p1kxfhlw/image/upload/v1791214306/admin-uploads/seeder/b4ef7586ff3689b22bba6d2f345096a10d5a7374c331dd5853d0fc735dd554ab.webp","1"
"c7d3bf10-8cc4-52a3-8e60-f6459032b102","STAY","Khách sạn Cửu Long — Deluxe Triple","An Giang","ef77f5ca-733d-59ff-8273-db03e1f865e8","","https://dongxuyenhotel.vn/phong/deluxe-tripple-2/","https://res.cloudinary.com/p1kxfhlw/image/upload/v1791214308/admin-uploads/seeder/a8d1e68adb2ff2441003dd4d7beb9c6a7936f49ab2144597619a392f55866186.webp","1"
"b204ccbd-ecbf-5a7a-8c18-ff1c0416d7c9","STAY","Khách sạn Long Xuyên — Standard Double","An Giang","39d96176-5914-5209-8ef6-d40aafc6a310","","https://dongxuyenhotel.vn/phong/standard-double/","https://res.cloudinary.com/p1kxfhlw/image/upload/v1791214308/admin-uploads/seeder/8bbcd45d797beb763345c486cf984bb2d1bbf399a3109ac6a191c36bafb1ea7c.webp","1"
"440d9222-29d6-5d44-821d-19f57b5f043d","STAY","Khách sạn Long Xuyên — Superior Twin/Double","An Giang","39d96176-5914-5209-8ef6-d40aafc6a310","","https://dongxuyenhotel.vn/phong/superior-twin-double/","https://res.cloudinary.com/p1kxfhlw/image/upload/v1791214309/admin-uploads/seeder/c64b38b60a98b6f42f6365ad6144c1c7fea93a7c8d99f8fca98c909cec078015.webp","1"
"67726f0f-5fc9-5b99-846a-766c51c8dd3d","STAY","Khách sạn Long Xuyên — Deluxe Triple","An Giang","39d96176-5914-5209-8ef6-d40aafc6a310","","https://dongxuyenhotel.vn/phong/deluxe-tripple/","https://res.cloudinary.com/p1kxfhlw/image/upload/v1791214311/admin-uploads/seeder/79ec0269e2c65485483c6ef46fde29d8db29db069caf2462bc14ea2c7be7a8b3.webp","1"
"eb391649-ab0d-5f8f-8b1b-7c3ea4639c9c","STAY","Khách sạn Đông Xuyên — Superior Twin","An Giang","9660281e-346e-5b89-8ddd-3c289b4a0384","","https://dongxuyenhotel.vn/phong/superior-twin/","https://res.cloudinary.com/p1kxfhlw/image/upload/v1791214311/admin-uploads/seeder/4b296ed6a47cf55b21ffc1c513dcc7e9efa035c8562925b5898640f3e294406c.webp","1"
"8050fc14-a696-56cf-834c-708710b1c284","STAY","Khách sạn Đông Xuyên — Superior Double","An Giang","9660281e-346e-5b89-8ddd-3c289b4a0384","","https://dongxuyenhotel.vn/phong/superior-double/","https://res.cloudinary.com/p1kxfhlw/image/upload/v1791214311/admin-uploads/seeder/c3e24d1ae830760770e093420fe938c4e0b0b6be2f90ae77143b896620462184.webp","1"
"83004c39-b08a-5e8f-8c53-2a4495f9075b","STAY","Khách sạn Đông Xuyên — Superior Triple","An Giang","9660281e-346e-5b89-8ddd-3c289b4a0384","","https://dongxuyenhotel.vn/phong/superior-tripple/","https://res.cloudinary.com/p1kxfhlw/image/upload/v1791214313/admin-uploads/seeder/943cdeefdac1cec4f735bce33a22373b0b476a3a52f206e539c11a7b2f7c86c3.webp","1"
"67cb10c2-d814-54f2-8298-11c8dbc10904","STAY","Khách sạn Sài Gòn Rạch Giá — PHÒNG FAMILY","An Giang","552f5b61-3322-50a5-8fd5-91ca8f863a43","b14b5e0e-bf12-5636-8638-d9599a431c61","https://saigonrachgiahotel.vn/vn/home","https://res.cloudinary.com/p1kxfhlw/image/upload/v1791214314/admin-uploads/seeder/a59b63c27b8cfe363ca6c4a20b2154f528275b41b59040272030ee007fa0402b.webp","1"
"18e190f3-f243-5650-88fb-8a055d6c841d","STAY","Khách sạn Sài Gòn Rạch Giá — PHÒNG PRESIDENT","An Giang","552f5b61-3322-50a5-8fd5-91ca8f863a43","b14b5e0e-bf12-5636-8638-d9599a431c61","https://saigonrachgiahotel.vn/vn/home","https://res.cloudinary.com/p1kxfhlw/image/upload/v1791214316/admin-uploads/seeder/cffb7d411aecea1b97d2ff5b0b337cf3c3b4f0ea7f28b231fbba975a7011d0e9.webp","1"
"e1682d16-2c50-5ac0-8b8e-ed0add055b56","STAY","Khách sạn Sài Gòn Rạch Giá — PHÒNG DELUXE","An Giang","552f5b61-3322-50a5-8fd5-91ca8f863a43","b14b5e0e-bf12-5636-8638-d9599a431c61","https://saigonrachgiahotel.vn/vn/home","https://res.cloudinary.com/p1kxfhlw/image/upload/v1791214317/admin-uploads/seeder/6ae31b8bd9ba2e97ef0bfb653c5691d0331b566d60db0906ce4e097591cb8c88.webp","1"
"6e476ee0-dc94-5d24-80d8-2f85d643a7c3","STAY","Khách sạn Sài Gòn Rạch Giá — PHÒNG SÀI GÒN DELUXE","An Giang","552f5b61-3322-50a5-8fd5-91ca8f863a43","b14b5e0e-bf12-5636-8638-d9599a431c61","https://saigonrachgiahotel.vn/vn/home","https://res.cloudinary.com/p1kxfhlw/image/upload/v1791214319/admin-uploads/seeder/9b5f3803203153ab0a05b8262e213910ea0201c465df2e294f68aefe2f2b2488.webp","1"
"d33e524c-d7b0-5caf-8f22-a9735508ce1c","STAY","Khách sạn Sài Gòn Rạch Giá — PHÒNG SÀI GÒN SUITE","An Giang","552f5b61-3322-50a5-8fd5-91ca8f863a43","b14b5e0e-bf12-5636-8638-d9599a431c61","https://saigonrachgiahotel.vn/vn/home","https://res.cloudinary.com/p1kxfhlw/image/upload/v1791214320/admin-uploads/seeder/411d5f03871d354d260f81fe17129b3eb7a624ebed1ece7a16f191bb95c31d09.webp","1"
"3f12dc1d-20bd-5a01-8e52-e0dfe90705b4","STAY","Khách sạn Phú Cường Cà Mau — Superior City View","Cà Mau","0b9aede8-9d37-56a0-8cdc-c3f23319de01","f5e8dcd9-0701-575a-833d-489b6dd300dd","https://phucuonghotel.com/","https://res.cloudinary.com/p1kxfhlw/image/upload/v1791214327/admin-uploads/seeder/85ff287c4e10f4284b98ec9a207d054b11dd851c8985fc997bc7dfbc2fbf0462.webp","3"
"9b3d4d5b-1b51-5ddf-8c15-8cb03a1dcfd6","STAY","Khách sạn Phú Cường Cà Mau — Family City View","Cà Mau","0b9aede8-9d37-56a0-8cdc-c3f23319de01","f5e8dcd9-0701-575a-833d-489b6dd300dd","https://phucuonghotel.com/","https://res.cloudinary.com/p1kxfhlw/image/upload/v1791214324/admin-uploads/seeder/b5f2d8c338db09e2d714f70303868f879502b6dde41b874befdd40b4876e0221.webp","2"
"22c37c76-4806-55b9-8d6c-47ac0e55bc60","STAY","Khách sạn Phú Cường Cà Mau — Executive Suite With Balcony","Cà Mau","0b9aede8-9d37-56a0-8cdc-c3f23319de01","f5e8dcd9-0701-575a-833d-489b6dd300dd","https://phucuonghotel.com/","https://res.cloudinary.com/p1kxfhlw/image/upload/v1791214328/admin-uploads/seeder/d6aab4d1d8c91c72e843afc0bbf49aa346e1c8790d7ad7f78465e5326995de30.webp","3"
"88800add-41ae-5d20-839d-ad5974cf1bb3","STAY","Khách sạn Phú Cường Cà Mau — Executive Suite","Cà Mau","0b9aede8-9d37-56a0-8cdc-c3f23319de01","f5e8dcd9-0701-575a-833d-489b6dd300dd","https://phucuonghotel.com/","https://res.cloudinary.com/p1kxfhlw/image/upload/v1791214331/admin-uploads/seeder/3c5ce810d910fc419c59b55183b1988ebfe1853466e1fd23a7e490bf07bf6b0b.webp","1"
"7adb3c8f-f960-5a86-826a-8dc7bf80272a","STAY","Khách sạn Phú Cường Cà Mau — Royal Family Suite","Cà Mau","0b9aede8-9d37-56a0-8cdc-c3f23319de01","f5e8dcd9-0701-575a-833d-489b6dd300dd","https://phucuonghotel.com/","https://res.cloudinary.com/p1kxfhlw/image/upload/v1791214334/admin-uploads/seeder/6a2e3960d96be8880e22e99e9f7de575e8e417e905972da12a113e3e4e07fa0f.webp","3"
"672feab7-156d-5a89-81a8-a3bc329cc5a9","STAY","Khách sạn Phú Cường Cà Mau — Classy Grand Suite","Cà Mau","0b9aede8-9d37-56a0-8cdc-c3f23319de01","f5e8dcd9-0701-575a-833d-489b6dd300dd","https://phucuonghotel.com/","https://res.cloudinary.com/p1kxfhlw/image/upload/v1791214334/admin-uploads/seeder/ab5590e35dc39687181ee837067e2d990e0cbdc03e30f05964397f41cbd9c758.webp","3"
"74acc54a-8729-5d9c-8065-82870fb6094e","SVC","Nhà hàng & cafe — Khách sạn Phú Cường Cà Mau","Cà Mau","0b9aede8-9d37-56a0-8cdc-c3f23319de01","f5e8dcd9-0701-575a-833d-489b6dd300dd","https://phucuonghotel.com/","https://res.cloudinary.com/p1kxfhlw/image/upload/v1791214337/admin-uploads/seeder/ed9c99939f63d17bb95d2c4c2e2b782ef9e144787466104946e79a04809f8add.webp","3"
"cc34eb5e-a50d-550f-88cb-4db41796774f","STAY","Ninh Kiều Riverside Hotel — Phòng Đôi Executive Deluxe River View Double","Cần Thơ","7b03cc72-1745-58f6-83fd-872690f5dc30","","https://www.ninhkieuriversidehotel.vn/our-accommodation/14453/ph%C3%B2ng-%C4%91%C3%B4i-executive-deluxe-river-view-double","https://res.cloudinary.com/p1kxfhlw/image/upload/v1791214348/admin-uploads/seeder/93373c1bb116a93e9b347fbb80227d94674bd61a30a2b1e65f16b6e2f7eddab1.webp","3"
"b7332610-5da0-5868-89b8-323ec7840bae","STAY","Ninh Kiều Riverside Hotel — Phòng Đôi Executive Superior River View Double","Cần Thơ","7b03cc72-1745-58f6-83fd-872690f5dc30","","https://www.ninhkieuriversidehotel.vn/our-accommodation/14452/ph%C3%B2ng-%C4%91%C3%B4i-executive-superior-river-view-double","https://res.cloudinary.com/p1kxfhlw/image/upload/v1791214361/admin-uploads/seeder/9c9389234f775c6ab2832cc3a1de0b88824088a7743305b840b65165f592f1ee.webp","2"
"50febb19-1b38-5c39-8b2b-15b90c672d2e","STAY","Ninh Kiều Riverside Hotel — Phòng Hai Đơn Executive Deluxe River View Twin","Cần Thơ","7b03cc72-1745-58f6-83fd-872690f5dc30","","https://www.ninhkieuriversidehotel.vn/our-accommodation/14457/ph%C3%B2ng-hai-%C4%91%C6%A1n-executive-deluxe-river-view-twin","https://res.cloudinary.com/p1kxfhlw/image/upload/v1791214351/admin-uploads/seeder/a4d64a26d78ffd4bb4c5c08d87dd2534ddd2d60da6edebf3e4832e728165a553.webp","3"
"856cc7d1-f38c-52a1-8016-b63b39f60888","STAY","Ninh Kiều Riverside Hotel — Phòng Đôi Premium Deluxe","Cần Thơ","7b03cc72-1745-58f6-83fd-872690f5dc30","","https://www.ninhkieuriversidehotel.vn/our-accommodation/14454/ph%C3%B2ng-%C4%91%C3%B4i-premium-deluxe","https://res.cloudinary.com/p1kxfhlw/image/upload/v1791214367/admin-uploads/seeder/67dbdb51b0cb04d6177fbbd45a610f01d9583bd7b705f557a46d7d2a69da66d7.webp","3"
"ee38f58c-f8b5-5a5d-80bb-178c598d543a","STAY","Ninh Kiều Riverside Hotel — Phòng Đôi Premium Suite","Cần Thơ","7b03cc72-1745-58f6-83fd-872690f5dc30","","https://www.ninhkieuriversidehotel.vn/our-accommodation/14455/ph%C3%B2ng-%C4%91%C3%B4i-premium-suite","https://res.cloudinary.com/p1kxfhlw/image/upload/v1791214370/admin-uploads/seeder/1d46d812af715625498196f99b286db220d3ae67d8b9ab1585623db5106a98e3.webp","3"
"6c4821a2-a1a5-5a1e-844f-6288e6471082","STAY","Ninh Kiều Riverside Hotel — Phòng Hai Đơn Superior City View Twin - Wing B, 3-floor building","Cần Thơ","7b03cc72-1745-58f6-83fd-872690f5dc30","","https://www.ninhkieuriversidehotel.vn/our-accommodation/14501/ph%C3%B2ng-hai-%C4%91%C6%A1n-superior-city-view-twin-wing-b-3-floor-building","https://res.cloudinary.com/p1kxfhlw/image/upload/v1791214380/admin-uploads/seeder/330a92f6a1a12ef88deb9d3923bcbdf0f27e4ed93be2772e25f77fb22b92648c.webp","3"
"4b90aa67-a17e-549f-896d-68ba19cbfda8","STAY","Ninh Kiều Riverside Hotel — Phòng Hai Đơn Executive Superior City View Twin","Cần Thơ","7b03cc72-1745-58f6-83fd-872690f5dc30","","https://www.ninhkieuriversidehotel.vn/our-accommodation/14502/ph%C3%B2ng-hai-%C4%91%C6%A1n-executive-superior-city-view-twin","https://res.cloudinary.com/p1kxfhlw/image/upload/v1791214396/admin-uploads/seeder/96cbb3402ee5ff76451da22f37ffaf66a7ecec4c11f263f47a9c9f8cf4abbee0.webp","3"
"6ca13ad3-7f07-55e0-834b-92f377960cba","STAY","Ninh Kiều Riverside Hotel — Phòng Hai Đơn Superior River View Twin - Wing B, 3-floor building","Cần Thơ","7b03cc72-1745-58f6-83fd-872690f5dc30","","https://www.ninhkieuriversidehotel.vn/our-accommodation/18896/ph%C3%B2ng-hai-%C4%91%C6%A1n-superior-river-view-twin-wing-b-3-floor-building","https://res.cloudinary.com/p1kxfhlw/image/upload/v1791214395/admin-uploads/seeder/a057df796a3ecdbc3b41df42404d9b107312433ec8b31d9585b1e89ccc8ad726.webp","3"
"ede190ab-3fcd-5d72-860b-e490ec53d285","STAY","Ninh Kiều Riverside Hotel — Phòng Đôi Deluxe -Wing B, 3-floor building","Cần Thơ","7b03cc72-1745-58f6-83fd-872690f5dc30","","https://www.ninhkieuriversidehotel.vn/our-accommodation/18897/ph%C3%B2ng-%C4%91%C3%B4i-deluxe-wing-b-3-floor-building","https://res.cloudinary.com/p1kxfhlw/image/upload/v1791214395/admin-uploads/seeder/587638b9b5fbc9a85d4895562195c5f97602f1d90e48b78a0ebca952190f3722.webp","2"
"02b13f3a-3bb7-5f5c-81b4-79a93d07c719","STAY","Ninh Kiều Riverside Hotel — Phòng Đôi Deluxe Suite - Wing B, 3-floor building","Cần Thơ","7b03cc72-1745-58f6-83fd-872690f5dc30","","https://www.ninhkieuriversidehotel.vn/our-accommodation/18898/ph%C3%B2ng-%C4%91%C3%B4i-deluxe-suite-wing-b-3-floor-building","https://res.cloudinary.com/p1kxfhlw/image/upload/v1791214405/admin-uploads/seeder/198fde8444930002a01c23ffb1400247fd1070a6992f065473800c65bebcd5bf.webp","3"
"b74f5d4b-7642-5430-8fc1-d347fd4c90ab","EXP","Ninh Kiều Riverside Hotel — Du thuyền Ninh Kiều","Cần Thơ","7b03cc72-1745-58f6-83fd-872690f5dc30","","https://www.ninhkieuriversidehotel.vn/cruise","https://res.cloudinary.com/p1kxfhlw/image/upload/v1791214406/admin-uploads/seeder/13c98421648a63496be68e29ac509a750e55fac4f4e7a9fbf9546f38b0eaacb8.webp","3"
"e5d30a5c-db2e-5f41-83bc-7f1c9d38f12a","STAY","Mekong Riverside Boutique Resort & Spa — Deluxe Double Riverview Bungalow","Đồng Tháp","ba9df0b0-8fbf-584f-8bf6-dd551209a4ac","b1ca4060-ed1c-500b-8cca-51a5fb74b5cb","https://mekongriversideresort.vn/our-rooms-cai-be-vietnam/9163/deluxe-double-riverview-bungalow","https://res.cloudinary.com/p1kxfhlw/image/upload/v1791214414/admin-uploads/seeder/89dcb27601449d645209864195dc9598f1d11be397b58919f40db1c4efd5ac8d.webp","3"
"1a1c44fb-bcfd-55bf-8f25-b979d89a0075","STAY","Mekong Riverside Boutique Resort & Spa — Double or Twin Riverview Bungalow","Đồng Tháp","ba9df0b0-8fbf-584f-8bf6-dd551209a4ac","b1ca4060-ed1c-500b-8cca-51a5fb74b5cb","https://mekongriversideresort.vn/our-rooms-cai-be-vietnam/9159/double-or-twin-riverview-bungalow","https://res.cloudinary.com/p1kxfhlw/image/upload/v1791214416/admin-uploads/seeder/64b41bf207ac6175824dba73c59974ae4b815483b75dac87a7baf21f2e99c9d3.webp","3"
"64f139af-7da6-5957-81e8-6e3483a06970","STAY","Mekong Riverside Boutique Resort & Spa — Double Riverview Bungalow","Đồng Tháp","ba9df0b0-8fbf-584f-8bf6-dd551209a4ac","b1ca4060-ed1c-500b-8cca-51a5fb74b5cb","https://mekongriversideresort.vn/our-rooms-cai-be-vietnam/9161/double-riverview-bungalow","https://res.cloudinary.com/p1kxfhlw/image/upload/v1791214422/admin-uploads/seeder/6164a57ace6db7ab4687d91f5efc691d6676e01ed3e79f15a299d1cb0cb51c23.webp","3"
"6622302a-1e49-51da-8dcc-f390825d41ff","STAY","Mekong Riverside Boutique Resort & Spa — Deluxe Double or Twin Riverview Bungalow","Đồng Tháp","ba9df0b0-8fbf-584f-8bf6-dd551209a4ac","b1ca4060-ed1c-500b-8cca-51a5fb74b5cb","https://mekongriversideresort.vn/our-rooms-cai-be-vietnam/9166/deluxe-double-or-twin-riverview-bungalow","https://res.cloudinary.com/p1kxfhlw/image/upload/v1791214427/admin-uploads/seeder/0521374874a841da4df177374d6e7da2e5eea1fd0d18c72151ff0e9ac494f8ac.webp","3"
"2ca35f32-e89f-533e-8297-d377e92bc27b","STAY","Mekong Riverside Boutique Resort & Spa — Double or Twin Lakeview Bungalow","Đồng Tháp","ba9df0b0-8fbf-584f-8bf6-dd551209a4ac","b1ca4060-ed1c-500b-8cca-51a5fb74b5cb","https://mekongriversideresort.vn/our-rooms-cai-be-vietnam/9154/double-or-twin-lakeview-bungalow","https://res.cloudinary.com/p1kxfhlw/image/upload/v1791214429/admin-uploads/seeder/e8bbee9471bacd31c708c0b9bdcad1b279fdbcb6ad67be49ae3f15c7031f8f9d.webp","3"
"3c5dfd6d-2b02-5700-871a-220ed8d776be","STAY","Mekong Riverside Boutique Resort & Spa — Double Lakeview Bungalow","Đồng Tháp","ba9df0b0-8fbf-584f-8bf6-dd551209a4ac","b1ca4060-ed1c-500b-8cca-51a5fb74b5cb","https://mekongriversideresort.vn/our-rooms-cai-be-vietnam/9156/double-lakeview-bungalow","https://res.cloudinary.com/p1kxfhlw/image/upload/v1791214444/admin-uploads/seeder/378b0fb79ef7f8ca33264231414e8f6b4fecdcc1163c9ae2572d65f090433772.webp","3"
"db800f89-3f92-5db8-8cc7-fb5bbd7a9b04","STAY","Mekong Riverside Boutique Resort & Spa — Double Gardenview Bungalow","Đồng Tháp","ba9df0b0-8fbf-584f-8bf6-dd551209a4ac","b1ca4060-ed1c-500b-8cca-51a5fb74b5cb","https://mekongriversideresort.vn/our-rooms-cai-be-vietnam/9148/double-gardenview-bungalow","https://res.cloudinary.com/p1kxfhlw/image/upload/v1791214441/admin-uploads/seeder/8eb468b52780700a3db27d51a51a118e5e13864bf7ae5acaae9462632e18fa86.webp","3"
"66e9a0b2-c5d9-5866-8923-043e1d3722b3","STAY","Mekong Riverside Boutique Resort & Spa — Double or Twin Gardenview Bungalow","Đồng Tháp","ba9df0b0-8fbf-584f-8bf6-dd551209a4ac","b1ca4060-ed1c-500b-8cca-51a5fb74b5cb","https://mekongriversideresort.vn/our-rooms-cai-be-vietnam/9151/double-or-twin-gardenview-bungalow","https://res.cloudinary.com/p1kxfhlw/image/upload/v1791214445/admin-uploads/seeder/705bcfbca9259f79a1b68b25beac48e849f51ba2f95437c99a90459e0b28ba76.webp","3"
"d7d4dd8f-22e9-5c05-850f-49ee3760872a","SVC","Oasis Spa — Mekong Riverside Boutique Resort & Spa","Đồng Tháp","ba9df0b0-8fbf-584f-8bf6-dd551209a4ac","b1ca4060-ed1c-500b-8cca-51a5fb74b5cb","https://mekongriversideresort.vn/oasis-spa","https://res.cloudinary.com/p1kxfhlw/image/upload/v1791214455/admin-uploads/seeder/fe7c0af83719eabe15a539cf8935201c164020a16172188dd6fb79acbe0c77a0.webp","2"
"839bd815-34ff-5132-8c5d-77c8c7047e84","STAY","Coco Riverside Lodge — Double Room","Vĩnh Long","132f9c6a-1f5b-5a40-86c9-108f85eb1982","","https://www.cocoriversidelodge.com/double-room","https://res.cloudinary.com/p1kxfhlw/image/upload/v1791214459/admin-uploads/seeder/892dc20dff8b52871becb6ec68012ca34ee0ae5d2add727c25886096a2249d12.webp","3"
"ac3beb01-527b-57c4-8883-7f1576abf3dd","STAY","Coco Riverside Lodge — Family Bungalows","Vĩnh Long","132f9c6a-1f5b-5a40-86c9-108f85eb1982","","https://www.cocoriversidelodge.com/family-bungalows","https://res.cloudinary.com/p1kxfhlw/image/upload/v1791214460/admin-uploads/seeder/8257c103a4adc4be768e9e035bbdec13d3961422684bbf1263293dbbfcd5d64a.webp","3"
"1a5dc724-68eb-5462-8e76-476be9b653e9","STAY","Coco Riverside Lodge — Standard Room","Vĩnh Long","132f9c6a-1f5b-5a40-86c9-108f85eb1982","","https://www.cocoriversidelodge.com/Standard-room","https://res.cloudinary.com/p1kxfhlw/image/upload/v1791214461/admin-uploads/seeder/445be6ac1d94a6b2ac25041fdfc2891a8b2131bd07f57fdf0c31894fb30cc071.webp","3"
"ddb8b723-c1eb-5d07-87ba-bf1b346e9883","STAY","Khách sạn Sài Gòn Ban Mê — Suite Room","Đắk Lắk","2a8c299c-6886-56c1-898b-c600dfef1168","9e2d6725-d23f-5ddc-8d6a-ede6e5519b7c","https://saigonbanmehotel.com.vn/en/accommodation/building-suite/","https://res.cloudinary.com/p1kxfhlw/image/upload/v1791214467/admin-uploads/seeder/b5665c427a115bb1f128804d785cc3dcfafa514a9534ca3ca3e4d0cffcc3d8cc.webp","3"
"d0217ab0-9dc0-5c27-83a9-a974e40e21ae","STAY","Khách sạn Sài Gòn Ban Mê — Superior Room","Đắk Lắk","2a8c299c-6886-56c1-898b-c600dfef1168","9e2d6725-d23f-5ddc-8d6a-ede6e5519b7c","https://saigonbanmehotel.com.vn/en/accommodation/building-superior/","https://res.cloudinary.com/p1kxfhlw/image/upload/v1791214468/admin-uploads/seeder/e430ed27f4bdedca7eddce145fe8005124b759e3733f203ce20007517683005b.webp","3"
"887ddaa8-2859-537e-8ba7-f626bb2dddfb","STAY","Khách sạn Sài Gòn Ban Mê — Triple Room","Đắk Lắk","2a8c299c-6886-56c1-898b-c600dfef1168","9e2d6725-d23f-5ddc-8d6a-ede6e5519b7c","https://saigonbanmehotel.com.vn/en/accommodation/building-superior-copy-2/","https://res.cloudinary.com/p1kxfhlw/image/upload/v1791214471/admin-uploads/seeder/01d3682e6c84238a1d9fc1ebbe3da9ea81c84cb822a03b126012817089e9971e.webp","3"
"e682d0d5-6fbf-5c92-8cf8-3a9537a0e5be","STAY","Khách sạn Sài Gòn Ban Mê — Deluxe Room","Đắk Lắk","2a8c299c-6886-56c1-898b-c600dfef1168","9e2d6725-d23f-5ddc-8d6a-ede6e5519b7c","https://saigonbanmehotel.com.vn/en/accommodation/deluxe-room/","https://res.cloudinary.com/p1kxfhlw/image/upload/v1791214474/admin-uploads/seeder/d04c64f5593fb41538af5807e5736121a8c8c8d840ef5a290024a5987c24e2a4.webp","1"
"66cc2e03-2f71-5f28-84c5-0acc437ab5e6","SVC","Nhà hàng Sài Gòn Ban Mê — Khách sạn Sài Gòn Ban Mê","Đắk Lắk","2a8c299c-6886-56c1-898b-c600dfef1168","9e2d6725-d23f-5ddc-8d6a-ede6e5519b7c","https://saigonbanmehotel.com.vn/en/dining/","https://res.cloudinary.com/p1kxfhlw/image/upload/v1791214476/admin-uploads/seeder/1a6078edb74d27fd4ba282be56f485196f3ff463a6d8c55dca6cd394bf940298.webp","3"
"4b4b81e4-2e46-52ed-81b0-07c4c06426b4","STAY","Ba Be Lake View Homestay — Deluxe private room with private bathroom and A/C","Thái Nguyên","f72c55ee-c228-517d-887a-65b21a9e41b4","","https://babelakeview-homestay.com/tour/deluxe-private-room-with-private-bathroom-and-ac","https://res.cloudinary.com/p1kxfhlw/image/upload/v1791214476/admin-uploads/seeder/8458ab5e077410ef135e0a2b99f84ff145fcc42b580ac3d86303c140afe78f7c.webp","3"
"8c9eaeae-9110-5879-8236-d7ccfafcbee8","SVC","Nhà hàng Sao Mai Hạnh Phúc 1 — Khách sạn Sao Mai Cao Lãnh","Đồng Tháp","8a5e67a8-badb-5eaa-84f7-a68d4675657e","","https://dongthaptourist.com/nha-hang-khach-san/khach-san-sao-mai/","https://res.cloudinary.com/p1kxfhlw/image/upload/v1791214479/admin-uploads/seeder/1e497e3e4646668bb4dfd9419b9b6c4cfcedaff9b1b4e858820a9b109f88a500.webp","1"
"32018e68-2de6-55d1-889a-c246d557d015","SVC","Nhà hàng Sao Mai Hạnh Phúc 2 — Khách sạn Sao Mai Cao Lãnh","Đồng Tháp","8a5e67a8-badb-5eaa-84f7-a68d4675657e","","https://dongthaptourist.com/nha-hang-khach-san/khach-san-sao-mai/","https://res.cloudinary.com/p1kxfhlw/image/upload/v1791214482/admin-uploads/seeder/3c8074fe58608348674f4bb3895776027b33f05c615ae59f2a663571bc4c60b6.webp","1"
"913434fb-b2f3-5ead-85d0-1f093b82c34e","STAY","Lila Inn & Tours — Phòng riêng","Tuyên Quang","9ee82000-e629-5923-882a-d4e1affeac4f","","https://lilainn.tours/stay/","https://res.cloudinary.com/p1kxfhlw/image/upload/v1791214903/admin-uploads/seeder/757ca42e96386c00009000fcab0cdcff6debb89a86b85f7857624e283d7e15b2.webp","1"
"f20cf3cf-25be-59dd-8da3-a281dea5832e","STAY","Lila Inn & Tours — Giường phòng dorm","Tuyên Quang","9ee82000-e629-5923-882a-d4e1affeac4f","","https://lilainn.tours/stay/","https://res.cloudinary.com/p1kxfhlw/image/upload/v1791214905/admin-uploads/seeder/95d2dcbe7e507b6b2cc1f4a31175eb67db2810546d260dc7ae1ae918d9dc65da.webp","2"
"b9443078-e232-5a73-8e5c-f7b24d6b098b","EXP","Lila Inn & Tours — 2 Days Ha Giang Loop Highlights Express Tour","Tuyên Quang","9ee82000-e629-5923-882a-d4e1affeac4f","","https://lilainn.tours/tour/2-day-ha-giang-loop/","https://res.cloudinary.com/p1kxfhlw/image/upload/v1791214486/admin-uploads/seeder/56aec5a44ff5877a7cbea50c8747d5a3c359df45dfb5bd32d02364dc6a765c5d.webp","3"
"58f389c3-1b71-50be-8803-05a5253952ff","EXP","Lila Inn & Tours — 3 Days Ha Giang Loop Tour – Explorers Journey","Tuyên Quang","9ee82000-e629-5923-882a-d4e1affeac4f","","https://lilainn.tours/tour/3-day-ha-giang-loop/","https://res.cloudinary.com/p1kxfhlw/image/upload/v1791214484/admin-uploads/seeder/99b5eebf1fd810820cb155e3d7d48c8f830b862535cc3c4ed3b5b83fa485da87.webp","3"
"40cbe575-176f-5e5c-8526-fbbcef14d12b","EXP","Lila Inn & Tours — 4 Days Ha Giang Loop Adventure Tour","Tuyên Quang","9ee82000-e629-5923-882a-d4e1affeac4f","","https://lilainn.tours/tour/4-day-ha-giang-loop/","https://res.cloudinary.com/p1kxfhlw/image/upload/v1791214489/admin-uploads/seeder/76bf6a3a491a83425a6df5e913b4873325cb4008a0a81bbb310177ac8087dde8.webp","3"
"460baf84-4f38-5bd6-8e2a-649504d32b77","EXP","Lila Inn & Tours — 5 Days Ha Giang Loop – Cao Bang – Ban Gioc Waterfall Discovery Tour","Tuyên Quang","9ee82000-e629-5923-882a-d4e1affeac4f","","https://lilainn.tours/tour/ha-giang-loop-cao-bang-5-day/","https://res.cloudinary.com/p1kxfhlw/image/upload/v1791214492/admin-uploads/seeder/93cd58ad7bf38d89c98b6f20beabc4a80a86830bfc1d7fc000e37c9d5cb24006.webp","3"
"82809d8f-51be-5344-8dc8-aa2206318614","EXP","Lila Inn & Tours — 7 Days Ha Giang Loop – Cao Bang – Ba Be National Park Epic Journey","Tuyên Quang","9ee82000-e629-5923-882a-d4e1affeac4f","","https://lilainn.tours/tour/7-day-ha-giang-loop-cao-bang-ba-be/","https://res.cloudinary.com/p1kxfhlw/image/upload/v1791214909/admin-uploads/seeder/1c5c43256816af649002087ef594f01135c5a5febfaacef01cac5dd53e5e8e8d.webp","3"
"b30562a6-1f1b-5358-8644-c20d6fc5b98d","EXP","Tham quan Rừng tràm Trà Sư","An Giang","4a825c04-b00f-5860-8f43-a63e916b9d04","","https://vi.wikipedia.org/wiki/R%E1%BB%ABng_tr%C3%A0m_Tr%C3%A0_S%C6%B0","https://res.cloudinary.com/p1kxfhlw/image/upload/v1791214506/admin-uploads/seeder/3697611d208d974f09f047184485e8d2d8265b3711dfb638d89c2614f988d106.webp","2"
"e7a0a67d-7f42-5dbf-83ce-d0f4de560b11","EXP","Tham quan Miếu Bà Chúa Xứ Núi Sam","An Giang","7935379f-8a92-57f0-8eca-d47668661737","","https://vi.wikipedia.org/wiki/Mi%E1%BA%BFu_B%C3%A0_Ch%C3%BAa_X%E1%BB%A9_N%C3%BAi_Sam","https://res.cloudinary.com/p1kxfhlw/image/upload/v1791214507/admin-uploads/seeder/514819ff9d33b862f63c8b8e75539d5242b9093fa173c4ade10cce32b50e7fe4.webp","2"
"39f34a2d-0146-59fd-8635-d28d65a86ec7","EXP","Tham quan Núi Cấm","An Giang","8b1d906f-a714-5936-816c-4df87b1a25e7","","https://vi.wikipedia.org/wiki/N%C3%BAi_C%E1%BA%A5m","https://res.cloudinary.com/p1kxfhlw/image/upload/v1791214512/admin-uploads/seeder/0f7eda5beafecde146cc57b8b920821d817541fd994e84b2a614b5d8496b3c51.webp","1"
"c72e4123-4e0d-518e-8bad-ddde14398651","EXP","Tham quan Núi Sam","An Giang","01353ceb-0939-5952-8555-68e505a7b291","","https://vi.wikipedia.org/wiki/N%C3%BAi_Sam","https://res.cloudinary.com/p1kxfhlw/image/upload/v1791214521/admin-uploads/seeder/e16bdb0f9d7ffc075d0920c12d7115f819b102959ca67f89d14414ed6daa990e.webp","2"
"82d23f10-020c-5515-889e-e9ad5ae9a07b","EXP","Tham quan Hòn Đá Bạc","Cà Mau","7956efc3-af7c-5f79-8eca-517378931f72","","https://vi.wikipedia.org/wiki/H%C3%B2n_%C4%90%C3%A1_B%E1%BA%A1c","https://res.cloudinary.com/p1kxfhlw/image/upload/v1791214524/admin-uploads/seeder/5c9e4970d671f878c5a8b2f1102fb3c52668a99ed06456544d04f7840813c8f2.webp","3"
"cb935229-8913-58a4-8f63-1e8f1dc049b0","EXP","Tham quan Vườn quốc gia U Minh Hạ","Cà Mau","4519c9e0-4d6d-516b-8e70-e7edd1d6a0de","","https://vi.wikipedia.org/wiki/V%C6%B0%E1%BB%9Dn_qu%E1%BB%91c_gia_U_Minh_H%E1%BA%A1","https://res.cloudinary.com/p1kxfhlw/image/upload/v1791214531/admin-uploads/seeder/09e76d0ee1ad7214b36375036fd5ef5b2728940a5ceeb40cd069c32c7eb7cbcf.webp","1"
"a028faca-c92b-5d2f-8867-89361615d8cf","EXP","Tham quan Mũi Cà Mau","Cà Mau","ea834d02-637e-545f-88f4-388db15f990b","","https://vi.wikipedia.org/wiki/M%C5%A9i_C%C3%A0_Mau","https://res.cloudinary.com/p1kxfhlw/image/upload/v1791214533/admin-uploads/seeder/92a81f51020a0b2478c5ce6a46c44219e73920b74ed9da5cf830740892aa5ab6.webp","3"
"2e12bdd3-60ea-5107-8e3e-ecf092671560","EXP","Tham quan Chợ nổi Cái Răng","Cần Thơ","2b14dddb-7a2b-5eb6-81d8-b1ec021af586","","https://vi.wikipedia.org/wiki/Ch%E1%BB%A3_n%E1%BB%95i_C%C3%A1i_R%C4%83ng","https://res.cloudinary.com/p1kxfhlw/image/upload/v1791214542/admin-uploads/seeder/3857472f0a9bbd9577a50e307e4b7a39148d98ffdffefb56486adfc7c139c287.webp","3"
"38269d3f-2de6-5ed3-8053-71c13772c5c0","EXP","Tham quan Chùa Dơi","Cần Thơ","d6352bfc-d64d-51e0-84b6-2dcbe47d0c6d","","https://vi.wikipedia.org/wiki/Ch%C3%B9a_D%C6%A1i","https://res.cloudinary.com/p1kxfhlw/image/upload/v1791214555/admin-uploads/seeder/12d0b2b38fab54287d8ee73216602d5b1dc5e5035ff8d826d912a7c6b684db10.webp","3"
"cd33000d-6bdb-58d5-84f2-3e6e7e0221e9","EXP","Tham quan Vườn quốc gia Cát Tiên","Đồng Nai","eda88a4a-6495-50df-8083-e54c1b546e0b","","https://vi.wikipedia.org/wiki/V%C6%B0%E1%BB%9Dn_qu%E1%BB%91c_gia_C%C3%A1t_Ti%C3%AAn","https://res.cloudinary.com/p1kxfhlw/image/upload/v1791214560/admin-uploads/seeder/b43110fcc93eee88d9cc8a554d09c1633d6bbc2d2888761d4495289f937fdbd3.webp","2"
"b4691444-b2ad-5484-8989-d93c345bd273","EXP","Tham quan Xẻo Quýt","Đồng Tháp","5ed8f044-0cd6-5c78-8d54-5abe0bca04a4","","https://vi.wikipedia.org/wiki/X%E1%BA%BBo_Qu%C3%BDt","https://res.cloudinary.com/p1kxfhlw/image/upload/v1791214573/admin-uploads/seeder/95a9b5047a5d81eb9dcb56d255113a955800e5d7efe684e575fc118fd185361b.webp","1"
"a098c839-82a0-536e-87da-229d9d1c5ff4","EXP","Tham quan Gò Tháp","Đồng Tháp","8b75accd-8f77-506f-8e76-0644bc33ef36","","https://vi.wikipedia.org/wiki/G%C3%B2_Th%C3%A1p","https://res.cloudinary.com/p1kxfhlw/image/upload/v1791214582/admin-uploads/seeder/9ace9a616605db157e4230cf988af2e8ac42f5afeb9d508ee27ff2bea9e09137.webp","2"
"626bd29a-8e6c-572b-858c-89ba763699c9","EXP","Tham quan Cồn Phụng","Vĩnh Long","d92b92b7-5d5b-5b2d-8443-01c1300d00ea","","https://vi.wikipedia.org/wiki/C%E1%BB%93n_Ph%E1%BB%A5ng","https://res.cloudinary.com/p1kxfhlw/image/upload/v1791214583/admin-uploads/seeder/fdc260d55f9159b7f6c5c3e64b2653e0f095fc2a8b568370b66d1107caf787f3.webp","1"
"aeebfc03-5ba9-50ca-860e-9a3c11d43b1b","EXP","Tham quan Nhà thờ chính tòa Kon Tum","Quảng Ngãi","cd07532e-d29f-5a27-8e9c-e113b1de20b6","","https://vi.wikipedia.org/wiki/Nh%C3%A0_th%E1%BB%9D_ch%C3%ADnh_t%C3%B2a_Kon_Tum","https://res.cloudinary.com/p1kxfhlw/image/upload/v1791214591/admin-uploads/seeder/4553148f084711f776df4d81d4005eacfdb336105ef5731e0776b8923d891dd4.webp","1"
"dcdd2bcb-5767-5aa9-8362-95ebdccb3d8b","EXP","Tham quan Măng Đen","Quảng Ngãi","f187e36d-3daf-542f-80f9-800af4f0ffd6","","https://vi.wikipedia.org/wiki/M%C4%83ng_%C4%90en","https://res.cloudinary.com/p1kxfhlw/image/upload/v1791214593/admin-uploads/seeder/3770a2b3bc23ae53624f5ef0b3709812c897404f7de79fe5486cc56ae5ce2be6.webp","1"
"455dafa2-1e4f-5819-8f63-4a47921ad02e","EXP","Tham quan Khu chứng tích Sơn Mỹ","Quảng Ngãi","5fd055be-b0d2-5951-89ed-62707f82efa4","","https://vi.wikipedia.org/wiki/Khu_ch%E1%BB%A9ng_t%C3%ADch_S%C6%A1n_M%E1%BB%B9","https://res.cloudinary.com/p1kxfhlw/image/upload/v1791214594/admin-uploads/seeder/9f37e0c7c2d90bf2377d016f81e3aac6b8311f9b7ef7eb2517e3bd248dfab866.webp","3"
"65261ed7-84af-5785-8a23-3dd9e43661f2","EXP","Tham quan Lý Sơn","Quảng Ngãi","c96626c0-8536-59ae-8d56-9d82aabcf48b","","https://vi.wikipedia.org/wiki/L%C3%BD_S%C6%A1n","https://res.cloudinary.com/p1kxfhlw/image/upload/v1791214599/admin-uploads/seeder/bb873a226a432a042a209bec250673f8495091391b007379bcbdbc3afc2814d1.webp","3"
"f3400f97-f5a1-51e3-8771-45ffdfaee4f8","EXP","Tham quan Hồ Núi Cốc","Thái Nguyên","4e48f7e9-1c79-597c-81e5-dc5c667fcd8b","","https://vi.wikipedia.org/wiki/H%E1%BB%93_N%C3%BAi_C%E1%BB%91c","https://res.cloudinary.com/p1kxfhlw/image/upload/v1791214601/admin-uploads/seeder/35755c015d236fb479734df20c768f08a3fa262edd3a47465667dbb83e5f77c2.webp","3"
"80946808-b2fc-5545-890b-02499c26e38c","EXP","Tham quan Hồ Dầu Tiếng","Tây Ninh","6f0d0db3-9d9f-5590-83ad-eae79b0635af","","https://vi.wikipedia.org/wiki/H%E1%BB%93_D%E1%BA%A7u_Ti%E1%BA%BFng","https://res.cloudinary.com/p1kxfhlw/image/upload/v1791214622/admin-uploads/seeder/19e6096b4f4d6a6f159088ef458e1672c78f698592ec04c979cb76879f804485.webp","3"
"78d52f58-08bd-5997-884b-ae8ef4121af2","EXP","Tham quan Cột cờ Lũng Cú","Tuyên Quang","8ba801e6-cae9-5dd7-8e27-0654753d3db7","","https://vi.wikipedia.org/wiki/C%E1%BB%99t_c%E1%BB%9D_L%C5%A9ng_C%C3%BA","https://res.cloudinary.com/p1kxfhlw/image/upload/v1791214625/admin-uploads/seeder/4ea5ed1207d96c4fcfeed2a09950fe18c15e43b21a4e4f5288b6c2b024ea3cf9.webp","1"
"f1daf1ab-0619-535e-849e-90ad855b1d6c","EXP","Tham quan Đèo Mã Pí Lèng","Tuyên Quang","d1c7a141-0e3f-5dda-8c9c-4ffbe6015555","","https://vi.wikipedia.org/wiki/%C4%90%C3%A8o_M%C3%A3_P%C3%AD_L%C3%A8ng","https://res.cloudinary.com/p1kxfhlw/image/upload/v1791214625/admin-uploads/seeder/92478ae468264f1caa1c810492ece4fc924fc8a8b936812e6bb97d7b440b8a62.webp","1"
"1a682a85-57f5-5bb1-8aac-69dabe282209","EXP","Tham quan Pu Ta Leng","Lai Châu","231152bd-5610-5c5f-8646-6f3979721581","","https://vi.wikipedia.org/wiki/Pu_Ta_Leng","https://res.cloudinary.com/p1kxfhlw/image/upload/v1791214630/admin-uploads/seeder/db0f61865228832e1a47f56e1a1a59432eedb6dcefdd36acf99efaf85205554d.webp","1"
"38afc048-d322-5605-8751-1673bedf81a3","EXP","Tham quan Pu Si Lung","Lai Châu","132f9c6a-1f5b-5a40-86c9-108f85eb1982","","https://vi.wikipedia.org/wiki/Pu_Si_Lung","https://res.cloudinary.com/p1kxfhlw/image/upload/v1791214639/admin-uploads/seeder/d1bc98ed312b2bcc0eab9a98d918948f01b22414b3d32652b7e9ead34e7810c4.webp","1"
"6b8c831b-ee9b-5510-8bbe-cfa41c582013","EXP","Tham quan Mẫu Sơn","Lạng Sơn","f72c55ee-c228-517d-887a-65b21a9e41b4","","https://vi.wikipedia.org/wiki/M%E1%BA%ABu_S%C6%A1n","https://res.cloudinary.com/p1kxfhlw/image/upload/v1791214642/admin-uploads/seeder/b253dd865a969313afd70c2faef65717345d344df9fb22ffc794c33c8ef4765a.webp","2"
"ad86e118-a1ca-5a90-81fb-2c2a918a302f","EXP","Tham quan Vườn quốc gia Cát Bà","Hải Phòng","9ee82000-e629-5923-882a-d4e1affeac4f","","https://vi.wikipedia.org/wiki/V%C6%B0%E1%BB%9Dn_qu%E1%BB%91c_gia_C%C3%A1t_B%C3%A0","https://res.cloudinary.com/p1kxfhlw/image/upload/v1791214643/admin-uploads/seeder/07394011efb5519a135055f2808b34c6a988927007db8238c8454d0b3693a383.webp","3"
"a6c3b93a-d940-519a-849f-3012dc163c6f","EXP","Tham quan Sông Bạch Đằng","Hải Phòng","4a825c04-b00f-5860-8f43-a63e916b9d04","","https://vi.wikipedia.org/wiki/S%C3%B4ng_B%E1%BA%A1ch_%C4%90%E1%BA%B1ng","https://res.cloudinary.com/p1kxfhlw/image/upload/v1791214645/admin-uploads/seeder/4b5eb4db0823727be1573be5525b16fee000425a07502f3b1588a98c36f11c69.webp","3"
"01025e85-22ec-5830-8287-64f3d821e51c","EXP","Tham quan Chùa Keo Thái Bình","Hưng Yên","7935379f-8a92-57f0-8eca-d47668661737","","https://vi.wikipedia.org/wiki/Ch%C3%B9a_Keo_Th%C3%A1i_B%C3%ACnh","https://res.cloudinary.com/p1kxfhlw/image/upload/v1791214656/admin-uploads/seeder/7ed1d88106f5f5e41577eed9f93f052f0573dc413336cf6b9e67b60da4becf35.webp","1"
"742d979c-db93-5a6c-8187-95e4b4430a16","EXP","Tham quan Văn miếu Xích Đằng","Hưng Yên","8b1d906f-a714-5936-816c-4df87b1a25e7","","https://vi.wikipedia.org/wiki/V%C4%83n_mi%E1%BA%BFu_X%C3%ADch_%C4%90%E1%BA%B1ng","https://res.cloudinary.com/p1kxfhlw/image/upload/v1791214666/admin-uploads/seeder/1cb8679cb9d4d1c2eb0a59da4c6a6417c88fefb4cde0997ce49f37c142ab57b7.webp","3"
"dd11d7e1-d4f5-57f9-8d61-db8860237bb8","EXP","Tham quan Phố Hiến","Hưng Yên","01353ceb-0939-5952-8555-68e505a7b291","","https://vi.wikipedia.org/wiki/Ph%E1%BB%91_Hi%E1%BA%BFn","https://res.cloudinary.com/p1kxfhlw/image/upload/v1791214664/admin-uploads/seeder/c7c96002c0093ef4fdc8425a4dd8aaef27358deca032eef282d3c257802a6bc4.webp","1"
"8377d4e4-df98-5157-86a2-41b326631499","EXP","Tham quan Thành nhà Hồ","Thanh Hóa","7956efc3-af7c-5f79-8eca-517378931f72","","https://vi.wikipedia.org/wiki/Th%C3%A0nh_nh%C3%A0_H%E1%BB%93","https://res.cloudinary.com/p1kxfhlw/image/upload/v1791214672/admin-uploads/seeder/b237513dbe336d523fadc046c44de9e11cea9372074b29e43d9814ab4dcddd6b.webp","2"
"31e35ec4-66e6-5a12-8fe3-a0599a7fd07b","EXP","Tham quan Vườn quốc gia Bến En","Thanh Hóa","4519c9e0-4d6d-516b-8e70-e7edd1d6a0de","","https://vi.wikipedia.org/wiki/V%C6%B0%E1%BB%9Dn_qu%E1%BB%91c_gia_B%E1%BA%BFn_En","https://res.cloudinary.com/p1kxfhlw/image/upload/v1791214673/admin-uploads/seeder/05a8f61a54e8e832b3c262b045955dfab9e10518863425895402996315a21d2f.webp","2"
"d8dd6718-4fa6-5a44-823d-4d5e2a49b5b9","EXP","Tham quan Pù Luông","Thanh Hóa","ea834d02-637e-545f-88f4-388db15f990b","","https://vi.wikipedia.org/wiki/P%C3%B9_Lu%C3%B4ng","https://res.cloudinary.com/p1kxfhlw/image/upload/v1791214687/admin-uploads/seeder/ddd3cb89bb19504c544f2bf3e16f2859c98f86dbf1be40ed4fc091b43043c536.webp","1"
"b41f3bb7-4d6e-5b7c-8fcb-9226e376f0c3","EXP","Tham quan Lam Kinh","Thanh Hóa","2b14dddb-7a2b-5eb6-81d8-b1ec021af586","","https://vi.wikipedia.org/wiki/Lam_Kinh","https://res.cloudinary.com/p1kxfhlw/image/upload/v1791214695/admin-uploads/seeder/b6aa6be7419d85931f2bea44099ed125016812d62220e14a783f30bbeafd64ec.webp","1"
"2fecc2f5-2bff-561b-8ff5-18ca5a53b1b6","EXP","Tham quan Vườn quốc gia Xuân Sơn","Phú Thọ","d6352bfc-d64d-51e0-84b6-2dcbe47d0c6d","","https://vi.wikipedia.org/wiki/V%C6%B0%E1%BB%9Dn_qu%E1%BB%91c_gia_Xu%C3%A2n_S%C6%A1n","https://res.cloudinary.com/p1kxfhlw/image/upload/v1791214692/admin-uploads/seeder/e7b56dfd1e3fb038b010ae2699c149efcf672eb7190deaf6686ceb028ad6ef7f.webp","1"
"2eb68855-2bee-5307-8161-bf93dd386ded","EXP","Tham quan Hồ Thác Bà","Lào Cai","eda88a4a-6495-50df-8083-e54c1b546e0b","","https://vi.wikipedia.org/wiki/H%E1%BB%93_Th%C3%A1c_B%C3%A0","https://res.cloudinary.com/p1kxfhlw/image/upload/v1791214692/admin-uploads/seeder/45c37011e15d15054a8fec42c972ebec277aef29d9d5ac0cb319556d63b6f24a.webp","2"
"d8b8c9e5-47e7-5447-8ce6-72174a2af038","EXP","Tham quan Fansipan","Lào Cai","5ed8f044-0cd6-5c78-8d54-5abe0bca04a4","","https://vi.wikipedia.org/wiki/Fansipan","https://res.cloudinary.com/p1kxfhlw/image/upload/v1791214702/admin-uploads/seeder/4e00bb7fc74013b81e8e3cb820ba36fac5f97c52608ff2d05fac710db52a524c.webp","3"
"0ccdf687-9ad2-5015-8ea6-f9db533050ea","EXP","Tham quan Bản Cát Cát","Lào Cai","8b75accd-8f77-506f-8e76-0644bc33ef36","","https://vi.wikipedia.org/wiki/B%E1%BA%A3n_C%C3%A1t_C%C3%A1t","https://res.cloudinary.com/p1kxfhlw/image/upload/v1791214706/admin-uploads/seeder/cd003f74d83af2933ea5339fc2e5460f2822fa5817f13bc25919c622dbd730a2.webp","1"
"443a7111-4890-57b4-8813-c57faf929df5","EXP","Tham quan Tháp Bánh Ít","Gia Lai","d92b92b7-5d5b-5b2d-8443-01c1300d00ea","","https://vi.wikipedia.org/wiki/Th%C3%A1p_B%C3%A1nh_%C3%8Dt","https://res.cloudinary.com/p1kxfhlw/image/upload/v1791214707/admin-uploads/seeder/685f56a9d6e5e46245c266b4b23d59abdfb23522144308123afbc0fe58ec0856.webp","2"
"c03204f7-d8b5-599c-88a6-9c7376b854c4","EXP","Tham quan Gành Đá Đĩa","Đắk Lắk","cd07532e-d29f-5a27-8e9c-e113b1de20b6","","https://vi.wikipedia.org/wiki/G%C3%A0nh_%C4%90%C3%A1_%C4%90%C4%A9a","https://res.cloudinary.com/p1kxfhlw/image/upload/v1791214720/admin-uploads/seeder/b15b2d023882c02977758e81b6e4e502aab7b4257385362b9489612f805fc62d.webp","1"
"20a900fe-3309-5d57-8e62-42a2b0320f84","EXP","Tham quan Đền Đô","Bắc Ninh","f187e36d-3daf-542f-80f9-800af4f0ffd6","","https://vi.wikipedia.org/wiki/%C4%90%E1%BB%81n_%C4%90%C3%B4","https://res.cloudinary.com/p1kxfhlw/image/upload/v1791214724/admin-uploads/seeder/d1aa8e93309f367e0ebf41040c4373128917df89024971b76badf41bc0b951c9.webp","3"
"b03b0a05-ffb9-5e18-8926-e4498cb6b62c","EXP","Tham quan Chùa Vĩnh Nghiêm (Bắc Ninh)","Bắc Ninh","5fd055be-b0d2-5951-89ed-62707f82efa4","","https://vi.wikipedia.org/wiki/Ch%C3%B9a_V%C4%A9nh_Nghi%C3%AAm_(B%E1%BA%AFc_Ninh)","https://res.cloudinary.com/p1kxfhlw/image/upload/v1791214732/admin-uploads/seeder/3165833eaca391c927b5588f13db3e0d15edd550b054145798a0c40d2ee293bb.webp","1"
"a6dfb68b-7e41-516d-82ff-07667e0b4ec7","EXP","Tham quan Vườn quốc gia Cúc Phương","Ninh Bình","c96626c0-8536-59ae-8d56-9d82aabcf48b","","https://vi.wikipedia.org/wiki/V%C6%B0%E1%BB%9Dn_qu%E1%BB%91c_gia_C%C3%BAc_Ph%C6%B0%C6%A1ng","https://res.cloudinary.com/p1kxfhlw/image/upload/v1791214734/admin-uploads/seeder/c4087dc996454db5569d3b8c08b8f2056ae5c05a724b435839e83a73cda2d849.webp","2"
"985fbda0-09d9-57aa-87e1-17bcc48f4199","EXP","Tham quan Nhà thờ chính tòa Phát Diệm","Ninh Bình","4e48f7e9-1c79-597c-81e5-dc5c667fcd8b","","https://vi.wikipedia.org/wiki/Nh%C3%A0_th%E1%BB%9D_ch%C3%ADnh_t%C3%B2a_Ph%C3%A1t_Di%E1%BB%87m","https://res.cloudinary.com/p1kxfhlw/image/upload/v1791214740/admin-uploads/seeder/d368941c9e156fc0e7be5fbd4d0abd0b79f29abcc25eff96fec69ab5b84f370d.webp","3"
"aec8e3d9-c89e-5792-8ab3-8d4fb56c7186","EXP","Tham quan Tà Xùa","Sơn La","6f0d0db3-9d9f-5590-83ad-eae79b0635af","","https://vi.wikipedia.org/wiki/T%C3%A0_X%C3%B9a","https://res.cloudinary.com/p1kxfhlw/image/upload/v1791214747/admin-uploads/seeder/184f52d7e1549a893ec5a49c4a2f9cd5caac1be27ed2b8e07b4126729d0ac498.webp","1"
"89449e9e-246c-53fb-87a5-36f207a8ccb5","EXP","Tham quan Thành cổ Quảng Trị","Quảng Trị","8ba801e6-cae9-5dd7-8e27-0654753d3db7","","https://vi.wikipedia.org/wiki/Th%C3%A0nh_c%E1%BB%95_Qu%E1%BA%A3ng_Tr%E1%BB%8B","https://res.cloudinary.com/p1kxfhlw/image/upload/v1791214753/admin-uploads/seeder/5ab86dc1d688384065dfcc8af9c86c37500bcb04c0a0768ea07db352976a716f.webp","1"
"527332b4-225c-56da-8aca-8133badbafb9","EXP","Tham quan Cầu Hiền Lương","Quảng Trị","d1c7a141-0e3f-5dda-8c9c-4ffbe6015555","","https://vi.wikipedia.org/wiki/C%E1%BA%A7u_Hi%E1%BB%81n_L%C6%B0%C6%A1ng","https://res.cloudinary.com/p1kxfhlw/image/upload/v1791214754/admin-uploads/seeder/8898628c5dfee384c3a29a2fbebd1b71914a9d913ed58f6f5f06c860b3305380.webp","1"
"be2c409d-4631-53f8-8691-cd0c46fb1219","EXP","Tham quan Tháp Po Nagar","Khánh Hòa","231152bd-5610-5c5f-8646-6f3979721581","","https://vi.wikipedia.org/wiki/Th%C3%A1p_Po_Nagar","https://res.cloudinary.com/p1kxfhlw/image/upload/v1791214762/admin-uploads/seeder/c753f9b4a06a5cb9808bf2704cbbd6b34f51fa11219dd5667b65e7f4e2fce1cc.webp","3"
"2390e5e5-5e64-5ca2-8714-deb6a1eab884","EXP","Tham quan Vịnh Vĩnh Hy","Khánh Hòa","132f9c6a-1f5b-5a40-86c9-108f85eb1982","","https://vi.wikipedia.org/wiki/V%E1%BB%8Bnh_V%C4%A9nh_Hy","https://res.cloudinary.com/p1kxfhlw/image/upload/v1791214763/admin-uploads/seeder/1feed581f14799a03a3ea720e5241755a7040a63dc422d66258dad1f4b1c370f.webp","1"
"77efffb3-a1cf-5e35-806b-767b680e3908","EXP","Tham quan Yên Tử","Quảng Ninh","f72c55ee-c228-517d-887a-65b21a9e41b4","","https://vi.wikipedia.org/wiki/Y%C3%AAn_T%E1%BB%AD","https://res.cloudinary.com/p1kxfhlw/image/upload/v1791214764/admin-uploads/seeder/0900f39442ec318feed41511cc2d40ce3d9e4efdcfaf7937ffb51842110f24b9.webp","3"
"bc14ec6c-40a3-5fda-8cb7-563dfdfba820","EXP","Tham quan Bảo tàng Quảng Ninh","Quảng Ninh","9ee82000-e629-5923-882a-d4e1affeac4f","","https://vi.wikipedia.org/wiki/B%E1%BA%A3o_t%C3%A0ng_Qu%E1%BA%A3ng_Ninh","https://res.cloudinary.com/p1kxfhlw/image/upload/v1791214771/admin-uploads/seeder/ccbb77b9be07951c60f31236bba2d5e3d98c46d344563275904f57490137b475.webp","1"
"098ceda8-f39d-56bf-8854-0ec5be4ae697","EXP","Tham quan Lăng Khải Định","Huế","4a825c04-b00f-5860-8f43-a63e916b9d04","","https://vi.wikipedia.org/wiki/L%C4%83ng_Kh%E1%BA%A3i_%C4%90%E1%BB%8Bnh","https://res.cloudinary.com/p1kxfhlw/image/upload/v1791214782/admin-uploads/seeder/f1ceabbd201476bbe0eedfc7ad634d451b83a7d41e82db658e61c2598c4ae32d.webp","2"
"cafee1ec-a5d7-5108-80dd-ae52ccf6e02e","EXP","Tham quan Lăng Minh Mạng","Huế","7935379f-8a92-57f0-8eca-d47668661737","","https://vi.wikipedia.org/wiki/L%C4%83ng_Minh_M%E1%BA%A1ng","https://res.cloudinary.com/p1kxfhlw/image/upload/v1791214792/admin-uploads/seeder/b91639451fe29560aab6138eee7cb63544a1c5ec78d1a5b451f20ceb83c82da9.webp","2"
"174f13a3-950b-5bca-8788-4da799355db8","EXP","Tham quan Chùa Thiên Mụ","Huế","8b1d906f-a714-5936-816c-4df87b1a25e7","","https://vi.wikipedia.org/wiki/Ch%C3%B9a_Thi%C3%AAn_M%E1%BB%A5","https://res.cloudinary.com/p1kxfhlw/image/upload/v1791214801/admin-uploads/seeder/57b9cf7c70d5e7a770d3908e6861d7ce39ea9599deca088c2694fed7082e0ac8.webp","3"
"4db74786-6938-5618-894d-c64010f7fac9","EXP","Tham quan Vườn quốc gia Bidoup – Núi Bà","Lâm Đồng","01353ceb-0939-5952-8555-68e505a7b291","","https://vi.wikipedia.org/wiki/V%C6%B0%E1%BB%9Dn_qu%E1%BB%91c_gia_Bidoup_%E2%80%93_N%C3%BAi_B%C3%A0","https://res.cloudinary.com/p1kxfhlw/image/upload/v1791214803/admin-uploads/seeder/bfad1a5eb454672dcfe159157b43e757448597057f458bf0ecf6374715ea0a11.webp","1"
"83f19c8b-9954-5219-8ca5-a87379f3d0dc","EXP","Tham quan Hồ Hoàn Kiếm","Hà Nội","7956efc3-af7c-5f79-8eca-517378931f72","","https://vi.wikipedia.org/wiki/H%E1%BB%93_Ho%C3%A0n_Ki%E1%BA%BFm","https://res.cloudinary.com/p1kxfhlw/image/upload/v1791214817/admin-uploads/seeder/e5744899188cc0894951b27296316c1292fd25accb5985bf4aefa9021cbc963e.webp","2"
"4989d117-47b1-5112-89fd-94c38a170fd1","EXP","Tham quan Chùa Một Cột","Hà Nội","4519c9e0-4d6d-516b-8e70-e7edd1d6a0de","","https://vi.wikipedia.org/wiki/Ch%C3%B9a_M%E1%BB%99t_C%E1%BB%99t","https://res.cloudinary.com/p1kxfhlw/image/upload/v1791214813/admin-uploads/seeder/f43a327251bb0af4fc863140c8a96311622584e23a1cde160207b2535eeef239.webp","1"
"a1d967ab-0640-540a-832e-24b21e6cb970","EXP","Tham quan Văn Miếu – Quốc Tử Giám","Hà Nội","ea834d02-637e-545f-88f4-388db15f990b","","https://vi.wikipedia.org/wiki/V%C4%83n_Mi%E1%BA%BFu_%E2%80%93_Qu%E1%BB%91c_T%E1%BB%AD_Gi%C3%A1m","https://res.cloudinary.com/p1kxfhlw/image/upload/v1791214915/admin-uploads/seeder/c22e31b58622c6703b3499efca5b8b8535ef2298d052027e0603ab86cab365d4.webp","1"
"d74b42ea-dd2d-531b-8359-132c2ab6d28b","EXP","Tham quan Ngũ Hành Sơn","Đà Nẵng","2b14dddb-7a2b-5eb6-81d8-b1ec021af586","","https://vi.wikipedia.org/wiki/Ng%C5%A9_H%C3%A0nh_S%C6%A1n","https://res.cloudinary.com/p1kxfhlw/image/upload/v1791214915/admin-uploads/seeder/053dbebee9fa5358dc3488c9de16813c2226bece4411a7656e4d2e432d64b100.webp","2"
"9ad41b78-f864-5bad-8cf6-36c4d188f659","EXP","Tham quan Cầu Rồng","Đà Nẵng","d6352bfc-d64d-51e0-84b6-2dcbe47d0c6d","","https://vi.wikipedia.org/wiki/C%E1%BA%A7u_R%E1%BB%93ng","https://res.cloudinary.com/p1kxfhlw/image/upload/v1791214922/admin-uploads/seeder/dda8a82212f7f7aeb4c1a7b6d8f54bd633d467791b3d336d83383d9e48dc21ce.webp","2"
"c836866f-93a9-570d-8f2c-75362a4b8e6a","EXP","Tham quan Thánh địa Mỹ Sơn","Đà Nẵng","eda88a4a-6495-50df-8083-e54c1b546e0b","","https://vi.wikipedia.org/wiki/Th%C3%A1nh_%C4%91%E1%BB%8Ba_M%E1%BB%B9_S%C6%A1n","https://res.cloudinary.com/p1kxfhlw/image/upload/v1791214927/admin-uploads/seeder/6ae55cdb620805864ab88d6abc90f1bde7523335543643a8c5a3eb1f871d8234.webp","3"
"5f5fcb23-f57d-527a-8aee-07075d0d3a99","EXP","Tham quan Dinh Độc Lập","Hồ Chí Minh","5ed8f044-0cd6-5c78-8d54-5abe0bca04a4","","https://vi.wikipedia.org/wiki/Dinh_%C4%90%E1%BB%99c_L%E1%BA%ADp","https://res.cloudinary.com/p1kxfhlw/image/upload/v1791214930/admin-uploads/seeder/b7e2fc26d527cb657e1654408b73545fc5e13310ba436aba4caefff8b585ff9e.webp","3"
"0abf55e5-5a39-5b6d-813a-64727870138b","EXP","Tham quan Địa đạo Củ Chi","Hồ Chí Minh","8b75accd-8f77-506f-8e76-0644bc33ef36","","https://vi.wikipedia.org/wiki/%C4%90%E1%BB%8Ba_%C4%91%E1%BA%A1o_C%E1%BB%A7_Chi","https://res.cloudinary.com/p1kxfhlw/image/upload/v1791214937/admin-uploads/seeder/a73da64e7db22cfaf72f4c384c267ba8c1a440e890d4534c3e1124e3f18e7fe3.webp","1"
"ade00990-3d4b-5057-8c95-aea44803b462","EXP","Tham quan Bảo tàng Chứng tích chiến tranh","Hồ Chí Minh","d92b92b7-5d5b-5b2d-8443-01c1300d00ea","","https://vi.wikipedia.org/wiki/B%E1%BA%A3o_t%C3%A0ng_Ch%E1%BB%A9ng_t%C3%ADch_chi%E1%BA%BFn_tranh","https://res.cloudinary.com/p1kxfhlw/image/upload/v1791214943/admin-uploads/seeder/019426911d71b30a43e48f7f305f64d36ab05a157788df0631fcca4fe49fd459.webp","2"
"6db8b19a-beab-5911-8907-142d48d831c2","EXP","Tham quan Đồi A1","Điện Biên","cd07532e-d29f-5a27-8e9c-e113b1de20b6","","https://bqldt.svhttdl.dienbien.gov.vn/portal/pages/2022-1-17/Di-tich-Doi-A1-duoc-cong-nhan-la-diem-du-lich-cua-hjkyc3brzqc2.aspx","https://res.cloudinary.com/p1kxfhlw/image/upload/v1791214959/admin-uploads/seeder/9db6123c28bc4a4d406e750460a13a870987931d5a7532c03d167e0833cdfe7e.webp","3"
