sourceUrl,secureUrl,publicId,sourceSha256,optimizedSha256,sourceBytes,bytes,width,height,state,verifiedAt
https://images.unsplash.com/photo-1522708323590-d24dbb6b0267?w=1200,https://res.cloudinary.com/p1kxfhlw/image/upload/v1791127763/admin-uploads/seeder/e2ca567ab73a1b59194332c46b2afdc2d7019c5be414f6cf10f39e69d04daf3d.webp,admin-uploads/seeder/e2ca567ab73a1b59194332c46b2afdc2d7019c5be414f6cf10f39e69d04daf3d,c0f295341bc7160d6026f69ecac4664457630ce09a40dacdafeb2a5e6034e073,e2ca567ab73a1b59194332c46b2afdc2d7019c5be414f6cf10f39e69d04daf3d,147131,81948,1200,800,verified,2026-10-04T15:29:24.652Z
https://images.unsplash.com/photo-1505691938895-1758d7feb511?w=1200,https://res.cloudinary.com/p1kxfhlw/image/upload/v1791127845/admin-uploads/seeder/985f6a4d0a1e34e2a69361e94160567bd003c42649d24f0aaff760f511999779.webp,admin-uploads/seeder/985f6a4d0a1e34e2a69361e94160567bd003c42649d24f0aaff760f511999779,cfd8e2d23e0f240ff7227e96a54a755f72d79b0107bf19438005b8940fd856e7,985f6a4d0a1e34e2a69361e94160567bd003c42649d24f0aaff760f511999779,170607,85816,1200,800,verified,2026-10-04T15:30:46.882Z
https://images.unsplash.com/photo-1560448204-e02f11c3d0e2?w=1200,https://res.cloudinary.com/p1kxfhlw/image/upload/v1791127846/admin-uploads/seeder/a3bb132505d3f21f8b124f7dba2f1f128622f9686df25d7e910cae1f9bb22771.webp,admin-uploads/seeder/a3bb132505d3f21f8b124f7dba2f1f128622f9686df25d7e910cae1f9bb22771,dd30b45aa8f5c8ea8aa83d648bfa0b9f3b46c307f90abaf60cbb49845ebf12b8,a3bb132505d3f21f8b124f7dba2f1f128622f9686df25d7e910cae1f9bb22771,150096,85108,1200,800,verified,2026-10-04T15:30:47.794Z
https://images.unsplash.com/photo-1564013799919-ab600027ffc6?w=1200,https://res.cloudinary.com/p1kxfhlw/image/upload/v1791127848/admin-uploads/seeder/2a8d46b1947ff79a6c8e4319fe6ceaf75197d3b7c3abb600c6cfaadd6f9aa668.webp,admin-uploads/seeder/2a8d46b1947ff79a6c8e4319fe6ceaf75197d3b7c3abb600c6cfaadd6f9aa668,39423cafb12b0f43b55e92ffca9461933d37f365cb3ee29e81cbf664f6638b8f,2a8d46b1947ff79a6c8e4319fe6ceaf75197d3b7c3abb600c6cfaadd6f9aa668,273965,199430,1200,800,verified,2026-10-04T15:30:49.209Z
https://images.unsplash.com/photo-1512918728675-ed5a9ecdebfd?w=1200,https://res.cloudinary.com/p1kxfhlw/image/upload/v1791127849/admin-uploads/seeder/21c90f19e44b0d24dea11876acdcaec46f1fc38c9695be58a79e5188ae263ade.webp,admin-uploads/seeder/21c90f19e44b0d24dea11876acdcaec46f1fc38c9695be58a79e5188ae263ade,6ad0b4712339618c7765a220cd4eaa13d1df04cdab46b2d87290d461e28a6812,21c90f19e44b0d24dea11876acdcaec46f1fc38c9695be58a79e5188ae263ade,147487,76980,1200,800,verified,2026-10-04T15:30:50.576Z
https://images.unsplash.com/photo-1578683010236-d716f9a3f461?w=1200,https://res.cloudinary.com/p1kxfhlw/image/upload/v1791127850/admin-uploads/seeder/c857b931b5892bee476e9bee7ab98772541d61106f5ae81586f2c2284804687e.webp,admin-uploads/seeder/c857b931b5892bee476e9bee7ab98772541d61106f5ae81586f2c2284804687e,3109bf576926f35ea2488891f6550cae60bbaf35f4f86cc1deecfb342a261f30,c857b931b5892bee476e9bee7ab98772541d61106f5ae81586f2c2284804687e,164405,82384,1200,800,verified,2026-10-04T15:30:52.521Z
https://images.unsplash.com/photo-1582719508461-905c673771fd?w=1200,https://res.cloudinary.com/p1kxfhlw/image/upload/v1791127852/admin-uploads/seeder/fb3ba8206c15a2444cf4eaa02475551b97719ec1b0831ba8d22322cb3542357b.webp,admin-uploads/seeder/fb3ba8206c15a2444cf4eaa02475551b97719ec1b0831ba8d22322cb3542357b,2d861e73487b216c5ca233114c82ba5727dbb73a36906b532d8bc862be62bb2a,fb3ba8206c15a2444cf4eaa02475551b97719ec1b0831ba8d22322cb3542357b,257634,170380,1200,960,verified,2026-10-04T15:30:53.279Z
https://images.unsplash.com/photo-1542718610-a1d656d1884c?w=1200,https://res.cloudinary.com/p1kxfhlw/image/upload/v1791127853/admin-uploads/seeder/21a23e8cc11b45da5db0bdbbd5f8b5fec49bb5493207196195f28d1c69745d6d.webp,admin-uploads/seeder/21a23e8cc11b45da5db0bdbbd5f8b5fec49bb5493207196195f28d1c69745d6d,5d5c1cda70db58ed9b6601457dd1246e0cf0900875bebf00f6bbfb573b71d7b1,21a23e8cc11b45da5db0bdbbd5f8b5fec49bb5493207196195f28d1c69745d6d,144844,93096,1200,800,verified,2026-10-04T15:30:54.519Z
https://images.unsplash.com/photo-1586023492125-27b2c045efd7?w=1200,https://res.cloudinary.com/p1kxfhlw/image/upload/v1791127854/admin-uploads/seeder/5eba8fc29735d8c98df810d453d2323319c465557244dd88a8ce064f6336b4d3.webp,admin-uploads/seeder/5eba8fc29735d8c98df810d453d2323319c465557244dd88a8ce064f6336b4d3,fd4de691fed0270c7a62dacc530bb83e02f34adc1d9c37bf2785310a53d75e9e,5eba8fc29735d8c98df810d453d2323319c465557244dd88a8ce064f6336b4d3,165615,75292,1200,1059,verified,2026-10-04T15:30:55.704Z
https://images.unsplash.com/photo-1631049307264-da0ec9d70304?w=1200,https://res.cloudinary.com/p1kxfhlw/image/upload/v1791127855/admin-uploads/seeder/7b10f1a459a5e9092a4c1afeec653e4f5e9c934f276c0404b4ccaedfa79dbb82.webp,admin-uploads/seeder/7b10f1a459a5e9092a4c1afeec653e4f5e9c934f276c0404b4ccaedfa79dbb82,e81a00abf9442b4c7bb7b2579546271816c323d59e521232e61bfc5bd685ff06,7b10f1a459a5e9092a4c1afeec653e4f5e9c934f276c0404b4ccaedfa79dbb82,143857,77830,1200,800,verified,2026-10-04T15:30:57.013Z
https://images.unsplash.com/photo-1595526114035-0d45ed16cfbf?w=1200,https://res.cloudinary.com/p1kxfhlw/image/upload/v1791127857/admin-uploads/seeder/eb0f7d4cc7365ee3b95baa2ba1fe27f52f13a37ff55fff15f88bf021aeb8f0a8.webp,admin-uploads/seeder/eb0f7d4cc7365ee3b95baa2ba1fe27f52f13a37ff55fff15f88bf021aeb8f0a8,0d6b8e67cb0c43ca905b8cc6ac3235bec578b4ebb0743c9b3d3af00e6cb10056,eb0f7d4cc7365ee3b95baa2ba1fe27f52f13a37ff55fff15f88bf021aeb8f0a8,163303,103980,1200,800,verified,2026-10-04T15:30:58.120Z
https://images.unsplash.com/photo-1615874959474-d609969a20ed?w=1200,https://res.cloudinary.com/p1kxfhlw/image/upload/v1791127858/admin-uploads/seeder/935c1e17b2f3a9b29903ecd099ded4cb3507aa5fd997a323b79d9c3a1176ace8.webp,admin-uploads/seeder/935c1e17b2f3a9b29903ecd099ded4cb3507aa5fd997a323b79d9c3a1176ace8,93db03005bbea63e2bd99d612a7e214fd905c6de20b2fac5a6ed9439783a19cb,935c1e17b2f3a9b29903ecd099ded4cb3507aa5fd997a323b79d9c3a1176ace8,244192,149964,1200,1200,verified,2026-10-04T15:30:59.185Z
https://images.unsplash.com/photo-1558882224-dda166733046?w=1200,https://res.cloudinary.com/p1kxfhlw/image/upload/v1791127858/admin-uploads/seeder/c3fe51a46800898fcb488c0d953ad404316bcec7fd3667026f722146745ac91c.webp,admin-uploads/seeder/c3fe51a46800898fcb488c0d953ad404316bcec7fd3667026f722146745ac91c,9a35a54c0a0207fef4f907ecd297f229ff97563474dc7df4199539c92d9ec0d5,c3fe51a46800898fcb488c0d953ad404316bcec7fd3667026f722146745ac91c,114013,54240,1200,802,verified,2026-10-04T15:30:59.921Z
https://images.unsplash.com/photo-1493809842364-78817add7ffb?w=1200,https://res.cloudinary.com/p1kxfhlw/image/upload/v1791127860/admin-uploads/seeder/7d190fc83c214e5620c4a7792a1399a7f3afed0121d684c9c6572df09ff17e98.webp,admin-uploads/seeder/7d190fc83c214e5620c4a7792a1399a7f3afed0121d684c9c6572df09ff17e98,e32f1d0faacd073394f0e6190bb7e1068920f85c05f37f9539f64c66335a09cb,7d190fc83c214e5620c4a7792a1399a7f3afed0121d684c9c6572df09ff17e98,166508,94790,1200,801,verified,2026-10-04T15:31:01.502Z
https://images.unsplash.com/photo-1527030280862-64139fba04ca?w=1200,https://res.cloudinary.com/p1kxfhlw/image/upload/v1791127861/admin-uploads/seeder/8c7a26cd296d45764ad089004571972bae29625523521d978c2c8c90e9cf17d9.webp,admin-uploads/seeder/8c7a26cd296d45764ad089004571972bae29625523521d978c2c8c90e9cf17d9,e0a1a2e51d5f44751d29468f7cf0c06e12fb81ada100e457201220f06cad8141,8c7a26cd296d45764ad089004571972bae29625523521d978c2c8c90e9cf17d9,313238,235170,1200,991,verified,2026-10-04T15:31:02.717Z
https://images.unsplash.com/photo-1484154218962-a197022b5858?w=1200,https://res.cloudinary.com/p1kxfhlw/image/upload/v1791127862/admin-uploads/seeder/abd72ef561f34073947a65ce673357ced32812d6899101d1be161c54b53092c8.webp,admin-uploads/seeder/abd72ef561f34073947a65ce673357ced32812d6899101d1be161c54b53092c8,8bbe2148f69760d71e30e36e8d265b47baf53dda7d32015e889dd749a765fb36,abd72ef561f34073947a65ce673357ced32812d6899101d1be161c54b53092c8,126207,56330,1200,797,verified,2026-10-04T15:31:03.794Z
https://images.unsplash.com/photo-1560185127-6ed189bf02f4?w=1200,https://res.cloudinary.com/p1kxfhlw/image/upload/v1791127864/admin-uploads/seeder/79f92adcf52589acd6300f9cea3bf6c43ab67e47de6753cc7bdb69da308bd805.webp,admin-uploads/seeder/79f92adcf52589acd6300f9cea3bf6c43ab67e47de6753cc7bdb69da308bd805,832c27a83bee3cfcc8293a5544d36b35b861b3284ccce137df691be737aab64d,79f92adcf52589acd6300f9cea3bf6c43ab67e47de6753cc7bdb69da308bd805,166058,110446,1200,800,verified,2026-10-04T15:31:04.907Z
https://images.unsplash.com/photo-1600596542815-ffad4c1539a9?w=1200,https://res.cloudinary.com/p1kxfhlw/image/upload/v1791127866/admin-uploads/seeder/2f58e4f1b4561bf6de776f7e09e78f5bafea5abdaab11134174f9011ce62115d.webp,admin-uploads/seeder/2f58e4f1b4561bf6de776f7e09e78f5bafea5abdaab11134174f9011ce62115d,56f802317dabac9f102ae926a662b1c28b987e91a9a3ff087ebb46203318b3dc,2f58e4f1b4561bf6de776f7e09e78f5bafea5abdaab11134174f9011ce62115d,175069,96068,1200,796,verified,2026-10-04T15:31:07.030Z
https://images.unsplash.com/photo-1502672260266-1c1ef2d93688?w=1200,https://res.cloudinary.com/p1kxfhlw/image/upload/v1791127865/admin-uploads/seeder/1de565696a5dff542b437184a5d7c1ca94dd1c99b92437c509b73b39c0034c4b.webp,admin-uploads/seeder/1de565696a5dff542b437184a5d7c1ca94dd1c99b92437c509b73b39c0034c4b,e22a141cbb46b6ccd81ccd36aafedc22ffda30c67038c575149cc96867b7b3ba,1de565696a5dff542b437184a5d7c1ca94dd1c99b92437c509b73b39c0034c4b,201789,113380,1200,893,verified,2026-10-04T15:31:07.373Z
https://images.unsplash.com/photo-1600607687939-ce8a6c25118c?w=1200,https://res.cloudinary.com/p1kxfhlw/image/upload/v1791127868/admin-uploads/seeder/7e17af6edc1b48f2fbb725a675ba178bcd481ea926bc12404f7c3974834227cf.webp,admin-uploads/seeder/7e17af6edc1b48f2fbb725a675ba178bcd481ea926bc12404f7c3974834227cf,10452f9ac8c65b3e8f1b5f47d7643e6f654e0d350b78a7c462ae076f59e49ab8,7e17af6edc1b48f2fbb725a675ba178bcd481ea926bc12404f7c3974834227cf,185741,117754,1200,816,verified,2026-10-04T15:31:09.587Z
https://images.unsplash.com/photo-1528127269322-539801943592?w=1200,https://res.cloudinary.com/p1kxfhlw/image/upload/v1791127868/admin-uploads/seeder/eeac9c054aa41a313df9fd7029c85d29252a3e13678fddd9001c6112ec614849.webp,admin-uploads/seeder/eeac9c054aa41a313df9fd7029c85d29252a3e13678fddd9001c6112ec614849,24b14e8265a7868bbd96659a3b2bebdfecbb9724c8cdfffd0b0c60daff80428b,eeac9c054aa41a313df9fd7029c85d29252a3e13678fddd9001c6112ec614849,208439,148050,1200,800,verified,2026-10-04T15:31:09.753Z
https://images.unsplash.com/photo-1507525428034-b723cf961d3e?w=1200,https://res.cloudinary.com/p1kxfhlw/image/upload/v1791127870/admin-uploads/seeder/0bc60f61d2fe7f8408ecb596ae92dc2c2a1aa1e87e603ab4702090c3e3c3509d.webp,admin-uploads/seeder/0bc60f61d2fe7f8408ecb596ae92dc2c2a1aa1e87e603ab4702090c3e3c3509d,ee7e02b2b6b4078aa772b566c92a91e28c7bcdc8f46dca612cddd9a6afd65ecc,0bc60f61d2fe7f8408ecb596ae92dc2c2a1aa1e87e603ab4702090c3e3c3509d,145418,80634,1200,798,verified,2026-10-04T15:31:11.590Z
https://images.unsplash.com/photo-1500530855697-b586d89ba3ee?w=1200,https://res.cloudinary.com/p1kxfhlw/image/upload/v1791127872/admin-uploads/seeder/7424efbc3fb2505ef2e972092d0d6274d6c3673c21d10245bab4c5a46a67c9d7.webp,admin-uploads/seeder/7424efbc3fb2505ef2e972092d0d6274d6c3673c21d10245bab4c5a46a67c9d7,6851f529bb074b4e8173045480794634e496d8f8f18b6dcf348632bb69146ced,7424efbc3fb2505ef2e972092d0d6274d6c3673c21d10245bab4c5a46a67c9d7,447269,329372,1200,1800,verified,2026-10-04T15:31:13.211Z
https://images.unsplash.com/photo-1555921015-5532091f6026?w=1200,https://res.cloudinary.com/p1kxfhlw/image/upload/v1791127873/admin-uploads/seeder/dcaaca4f2cb2c0426bc432791e2013054b790cbd0dd37d9def6184cbe63b9825.webp,admin-uploads/seeder/dcaaca4f2cb2c0426bc432791e2013054b790cbd0dd37d9def6184cbe63b9825,4d3b031683b5678196119b3cf58a0ff1a5b4e43687ce4d1d27bd57e3fdb58b5d,dcaaca4f2cb2c0426bc432791e2013054b790cbd0dd37d9def6184cbe63b9825,398642,339442,1200,800,verified,2026-10-04T15:31:15.085Z
https://images.unsplash.com/photo-1518509562904-e7ef99cdcc86?w=1200,https://res.cloudinary.com/p1kxfhlw/image/upload/v1791127874/admin-uploads/seeder/912d688575354ad1438ffdccaaa240a87fbf5947fd499d5f83582345d46cc738.webp,admin-uploads/seeder/912d688575354ad1438ffdccaaa240a87fbf5947fd499d5f83582345d46cc738,cba346880a83ba862fda810b3d400b7e3b69bb650aa61fed5e6751680fcf5aa4,912d688575354ad1438ffdccaaa240a87fbf5947fd499d5f83582345d46cc738,341333,282052,1200,900,verified,2026-10-04T15:31:15.817Z
https://images.unsplash.com/photo-1559592413-7cec4d0cae2b?w=1200,https://res.cloudinary.com/p1kxfhlw/image/upload/v1791127876/admin-uploads/seeder/fbe807f32c80fc031876cab4744a08cfc96bf69c0a3c0037d18a332d6765015d.webp,admin-uploads/seeder/fbe807f32c80fc031876cab4744a08cfc96bf69c0a3c0037d18a332d6765015d,e95f564cad35a6f54ecad174b845682b4bb4d3ef2b3e2726f645a1af1bf700f7,fbe807f32c80fc031876cab4744a08cfc96bf69c0a3c0037d18a332d6765015d,217819,163080,1200,750,verified,2026-10-04T15:31:17.340Z
https://images.unsplash.com/photo-1476514525535-07fb3b4ae5f1?w=1200,https://res.cloudinary.com/p1kxfhlw/image/upload/v1791127878/admin-uploads/seeder/75b59b4a808bc4748f21d00a4d3756385e1207d51539feda18959fa58bf64b4f.webp,admin-uploads/seeder/75b59b4a808bc4748f21d00a4d3756385e1207d51539feda18959fa58bf64b4f,1b1b2fbdd1c4759c234d7d39313a366866a98ec17f36eb905148b015c9424cb7,75b59b4a808bc4748f21d00a4d3756385e1207d51539feda18959fa58bf64b4f,251967,187656,1200,800,verified,2026-10-04T15:31:18.940Z
https://images.unsplash.com/photo-1530789253388-582c481c54b0?w=1200,https://res.cloudinary.com/p1kxfhlw/image/upload/v1791127878/admin-uploads/seeder/b69accb44a56d96f2f13352ca83cedf4d30b8ddec159fc9fb0d2bb9584d71a5e.webp,admin-uploads/seeder/b69accb44a56d96f2f13352ca83cedf4d30b8ddec159fc9fb0d2bb9584d71a5e,b9a64141d1bbce8d841e870dc729a886bda77da73236dcbde36452b171a03a80,b69accb44a56d96f2f13352ca83cedf4d30b8ddec159fc9fb0d2bb9584d71a5e,146790,102808,1200,800,verified,2026-10-04T15:31:19.814Z
https://images.unsplash.com/photo-1503220317375-aaad61436b1b?w=1200,https://res.cloudinary.com/p1kxfhlw/image/upload/v1791127881/admin-uploads/seeder/8608fc8ae593067edf8d184c91eabbdb6bea1364a5a840dbf4430863f14e9b2e.webp,admin-uploads/seeder/8608fc8ae593067edf8d184c91eabbdb6bea1364a5a840dbf4430863f14e9b2e,958fab2f981ee684b539e82357c1d4d9497dfdb26f8064d0df368b034798ed02,8608fc8ae593067edf8d184c91eabbdb6bea1364a5a840dbf4430863f14e9b2e,116501,59136,1200,800,verified,2026-10-04T15:31:22.068Z
https://images.unsplash.com/photo-1488646953014-85cb44e25828?w=1200,https://res.cloudinary.com/p1kxfhlw/image/upload/v1791127880/admin-uploads/seeder/9bdd4b747432176c353f4b876f96704c516e881822a19da31fa175a75cd60502.webp,admin-uploads/seeder/9bdd4b747432176c353f4b876f96704c516e881822a19da31fa175a75cd60502,307587ca4a164cbe1b89c951446e875e3881ca5198ec81e6a7308cf679dad02a,9bdd4b747432176c353f4b876f96704c516e881822a19da31fa175a75cd60502,343066,258472,1200,948,verified,2026-10-04T15:31:22.840Z
https://images.unsplash.com/photo-1501555088652-021faa106b9b?w=1200,https://res.cloudinary.com/p1kxfhlw/image/upload/v1791127883/admin-uploads/seeder/d149d2a3a599aeaed9512c35a88a2da219dca3231adaf3e8142d096b4100616c.webp,admin-uploads/seeder/d149d2a3a599aeaed9512c35a88a2da219dca3231adaf3e8142d096b4100616c,f9b6388b51276b0786885b0f0924a8c5c83359ea914b93b079ff775c3d938b0c,d149d2a3a599aeaed9512c35a88a2da219dca3231adaf3e8142d096b4100616c,275510,217048,1200,798,verified,2026-10-04T15:31:24.917Z
https://images.unsplash.com/photo-1469854523086-cc02fe5d8800?w=1200,https://res.cloudinary.com/p1kxfhlw/image/upload/v1791127884/admin-uploads/seeder/c72a1e2307668bbb23fb93b32bce3a9449d8cdb518501aa013da25f7fa8a5c57.webp,admin-uploads/seeder/c72a1e2307668bbb23fb93b32bce3a9449d8cdb518501aa013da25f7fa8a5c57,2e956949288126a3682241d8604712a7b005d5b6e84a2e5708dfb392a0845951,c72a1e2307668bbb23fb93b32bce3a9449d8cdb518501aa013da25f7fa8a5c57,299609,235206,1200,848,verified,2026-10-04T15:31:25.727Z
https://images.unsplash.com/photo-1516939884455-1445c8652f83?w=1200,https://res.cloudinary.com/p1kxfhlw/image/upload/v1791127887/admin-uploads/seeder/7989957e2efc721bc4028fb68836bfb9841a859c15df2b9a3f9d0712579705c0.webp,admin-uploads/seeder/7989957e2efc721bc4028fb68836bfb9841a859c15df2b9a3f9d0712579705c0,f6817b7cb55c2fb30381c7623cf5d252c069cde4cb35140a06bff65ecc442a5b,7989957e2efc721bc4028fb68836bfb9841a859c15df2b9a3f9d0712579705c0,331060,169030,1200,1799,verified,2026-10-04T15:31:28.590Z
https://images.unsplash.com/photo-1543637005-4d639a4e16de?w=1200,https://res.cloudinary.com/p1kxfhlw/image/upload/v1791127888/admin-uploads/seeder/7220d56fa6fbe8c5c3009002cd2301cf4f92d69b0e6c6d1462daad36a9df5011.webp,admin-uploads/seeder/7220d56fa6fbe8c5c3009002cd2301cf4f92d69b0e6c6d1462daad36a9df5011,6522d64a9c3238d45e6fca1723ad867af9ff6d7b4facb4bd9cb26c07f59263f2,7220d56fa6fbe8c5c3009002cd2301cf4f92d69b0e6c6d1462daad36a9df5011,774416,685698,1200,2136,verified,2026-10-04T15:31:29.817Z
https://images.unsplash.com/photo-1473625247510-8ceb1760943f?w=1200,https://res.cloudinary.com/p1kxfhlw/image/upload/v1791127889/admin-uploads/seeder/1d77e1728bb2c4f7a6ff52d6782231d23cf7731f04b384a176d6817a3e30fdb8.webp,admin-uploads/seeder/1d77e1728bb2c4f7a6ff52d6782231d23cf7731f04b384a176d6817a3e30fdb8,0ae02247560ac37edb4ad543ad676a9e198373f577ef9033df066b343d1f16ea,1d77e1728bb2c4f7a6ff52d6782231d23cf7731f04b384a176d6817a3e30fdb8,168326,89126,1200,859,verified,2026-10-04T15:31:30.604Z
https://images.unsplash.com/photo-1452421822248-d4c2b47f0c81?w=1200,https://res.cloudinary.com/p1kxfhlw/image/upload/v1791127891/admin-uploads/seeder/d0d48137d1183713c502e5c09ab4992673befb382116e74a2856ac2b10fb6075.webp,admin-uploads/seeder/d0d48137d1183713c502e5c09ab4992673befb382116e74a2856ac2b10fb6075,307100c2d59f5b2a6d288f3838dd7a3e05e72625872410ce56f35ecd9a4844c2,d0d48137d1183713c502e5c09ab4992673befb382116e74a2856ac2b10fb6075,201086,118410,1200,900,verified,2026-10-04T15:31:32.052Z
https://images.unsplash.com/photo-1525625293386-3f8f99389edd?w=1200,https://res.cloudinary.com/p1kxfhlw/image/upload/v1791127892/admin-uploads/seeder/4158ebff2bf4366603d40747d2c6a259ab508215d826a2937c06f27c1ce974e5.webp,admin-uploads/seeder/4158ebff2bf4366603d40747d2c6a259ab508215d826a2937c06f27c1ce974e5,6cb5c89d88c6fc7df6c878255dee77b47ead9eadb41405277ff6227902890c44,4158ebff2bf4366603d40747d2c6a259ab508215d826a2937c06f27c1ce974e5,284192,198038,1200,926,verified,2026-10-04T15:31:33.174Z
https://images.unsplash.com/photo-1544161515-4ab6ce6db874?w=1200,https://res.cloudinary.com/p1kxfhlw/image/upload/v1791127893/admin-uploads/seeder/f546d17ee0cdd6d7a00d22d045ff9a8b3cd2fa27fb4460ef2987de25382fa643.webp,admin-uploads/seeder/f546d17ee0cdd6d7a00d22d045ff9a8b3cd2fa27fb4460ef2987de25382fa643,807b7cc9e66e62d6a9d5bc942cc4046effce7a0eedc5548c4228591d50117dcb,f546d17ee0cdd6d7a00d22d045ff9a8b3cd2fa27fb4460ef2987de25382fa643,121210,58616,1200,800,verified,2026-10-04T15:31:33.901Z
https://images.unsplash.com/photo-1519741497674-611481863552?w=1200,https://res.cloudinary.com/p1kxfhlw/image/upload/v1791127894/admin-uploads/seeder/341c572b86619b7221de138a9738df899b0ee781bc6f02383f242c5ca4dcdda3.webp,admin-uploads/seeder/341c572b86619b7221de138a9738df899b0ee781bc6f02383f242c5ca4dcdda3,8f433a4d045cf2b98b678678a7a2c1a8d503a9cb7ee790872f08b75075d2b5bf,341c572b86619b7221de138a9738df899b0ee781bc6f02383f242c5ca4dcdda3,101560,43190,1200,800,verified,2026-10-04T15:31:35.060Z
https://images.unsplash.com/photo-1504280390367-361c6d9f38f4?w=1200,https://res.cloudinary.com/p1kxfhlw/image/upload/v1791127895/admin-uploads/seeder/ae4a8b6124e84cc5ea7d072e71b64a4459633db5c3f11da6717491fe5a6fecb5.webp,admin-uploads/seeder/ae4a8b6124e84cc5ea7d072e71b64a4459633db5c3f11da6717491fe5a6fecb5,be438483087e5f36e2e09ce348dbd080801e6e1f7a760ac01c4a59ed286ac32a,ae4a8b6124e84cc5ea7d072e71b64a4459633db5c3f11da6717491fe5a6fecb5,215292,145204,1200,800,verified,2026-10-04T15:31:36.931Z
https://images.unsplash.com/photo-1570172619644-dfd03ed5d881?w=1200,https://res.cloudinary.com/p1kxfhlw/image/upload/v1791127896/admin-uploads/seeder/292e47845a21581a8f21ead3a7c30ddd859fbeb10c747b3406376b5c59563a72.webp,admin-uploads/seeder/292e47845a21581a8f21ead3a7c30ddd859fbeb10c747b3406376b5c59563a72,a567770b5aa7450d851417614507035cbefd532b55c4d56798f5ad0845e45855,292e47845a21581a8f21ead3a7c30ddd859fbeb10c747b3406376b5c59563a72,147530,67584,1200,800,verified,2026-10-04T15:31:37.426Z
https://images.unsplash.com/photo-1515377905703-c4788e51af15?w=1200,https://res.cloudinary.com/p1kxfhlw/image/upload/v1791127898/admin-uploads/seeder/965be973a2dbae8c28152c52cac26c5ab2c318cde95965bf530d14cb96a0ec4d.webp,admin-uploads/seeder/965be973a2dbae8c28152c52cac26c5ab2c318cde95965bf530d14cb96a0ec4d,86899e8d5a69627448e07dcd4e37da2814cef6aed39b10df3ffd308c26e2fa4b,965be973a2dbae8c28152c52cac26c5ab2c318cde95965bf530d14cb96a0ec4d,78371,32504,1200,800,verified,2026-10-04T15:31:39.560Z
https://images.unsplash.com/photo-1551218808-94e220e084d2?w=1200,https://res.cloudinary.com/p1kxfhlw/image/upload/v1791127899/admin-uploads/seeder/db0399228ae23b2a7891392c5810d9c09c54f95c226629ab2683abc2187ef684.webp,admin-uploads/seeder/db0399228ae23b2a7891392c5810d9c09c54f95c226629ab2683abc2187ef684,2bd396a712dfd69f09e4d341812944f62f69c6bfc5aea6441ff91cf5d31a602d,db0399228ae23b2a7891392c5810d9c09c54f95c226629ab2683abc2187ef684,548231,426604,1200,1800,verified,2026-10-04T15:31:41.111Z
https://images.unsplash.com/photo-1600334089648-b0d9d3028eb2?w=1200,https://res.cloudinary.com/p1kxfhlw/image/upload/v1791127900/admin-uploads/seeder/b32403955a3e975a1470112aba6d0ea3bd5938de500c2660d1536ede834f175d.webp,admin-uploads/seeder/b32403955a3e975a1470112aba6d0ea3bd5938de500c2660d1536ede834f175d,59ec369ae13eeec79ddd6c4114751515136dc3c7e0fb359e05e13f7fe25825c7,b32403955a3e975a1470112aba6d0ea3bd5938de500c2660d1536ede834f175d,90844,35948,1200,800,verified,2026-10-04T15:31:41.424Z
https://images.unsplash.com/photo-1487412720507-e7ab37603c6f?w=1200,https://res.cloudinary.com/p1kxfhlw/image/upload/v1791127902/admin-uploads/seeder/1207d21f77266f2ba08301cd7f1a87a86d03f2a031c0dc8e167afa3a0b43a9c2.webp,admin-uploads/seeder/1207d21f77266f2ba08301cd7f1a87a86d03f2a031c0dc8e167afa3a0b43a9c2,e96c3f11269c23c16429a9f70cfe67ef3b0f00eb28c393a54b42a7707d788cfe,1207d21f77266f2ba08301cd7f1a87a86d03f2a031c0dc8e167afa3a0b43a9c2,139397,66846,1200,800,verified,2026-10-04T15:31:43.483Z
https://images.unsplash.com/photo-1552693673-1bf958298935?w=1200,https://res.cloudinary.com/p1kxfhlw/image/upload/v1791127902/admin-uploads/seeder/28f9b27d25922f8a75c890fda7604b68f49c3ae1df4a1931ac1104b8ff33954e.webp,admin-uploads/seeder/28f9b27d25922f8a75c890fda7604b68f49c3ae1df4a1931ac1104b8ff33954e,a8b18023172d283dce848d855c7829f914d313d8db6b468cb0a6d936f238af68,28f9b27d25922f8a75c890fda7604b68f49c3ae1df4a1931ac1104b8ff33954e,118662,52828,1200,798,verified,2026-10-04T15:31:43.623Z
https://images.unsplash.com/photo-1616394584738-fc6e612e71b9?w=1200,https://res.cloudinary.com/p1kxfhlw/image/upload/v1791127904/admin-uploads/seeder/e29bcc941d9c70d148dcbe6406dc9e880865dc28dc88d908096b438e054e29a9.webp,admin-uploads/seeder/e29bcc941d9c70d148dcbe6406dc9e880865dc28dc88d908096b438e054e29a9,7358d885ed4eccf5d2f49c03512df87d745886160b1e8ba98b4fca809028d7b1,e29bcc941d9c70d148dcbe6406dc9e880865dc28dc88d908096b438e054e29a9,116752,62724,1200,800,verified,2026-10-04T15:31:45.480Z
https://images.unsplash.com/photo-1559131397-f94da358f7ca?w=1200,https://res.cloudinary.com/p1kxfhlw/image/upload/v1791127905/admin-uploads/seeder/ac6822f6af3d07f0c737ea64ac6e7ced2fa9e8de80d75089d7b2962e183ca881.webp,admin-uploads/seeder/ac6822f6af3d07f0c737ea64ac6e7ced2fa9e8de80d75089d7b2962e183ca881,0eb38676c4c5344a0beb78869ea5a0e0177f12f4adfbae0a0e18fe0c4dce51c6,ac6822f6af3d07f0c737ea64ac6e7ced2fa9e8de80d75089d7b2962e183ca881,166778,99566,1200,801,verified,2026-10-04T15:31:46.063Z
https://images.unsplash.com/photo-1508672019048-805c876b67e2?w=1200,https://res.cloudinary.com/p1kxfhlw/image/upload/v1791127908/admin-uploads/seeder/bddfe7260a7394003141892d8f22c6dc2fe3d4262a5399e83bd5d3458f796f7d.webp,admin-uploads/seeder/bddfe7260a7394003141892d8f22c6dc2fe3d4262a5399e83bd5d3458f796f7d,b1cb0b80fbd3169eec910e1f8c2eba2cec7fda880398f7872bd213c38ff87eb5,bddfe7260a7394003141892d8f22c6dc2fe3d4262a5399e83bd5d3458f796f7d,242708,186302,1200,758,verified,2026-10-04T15:31:48.934Z
https://images.unsplash.com/photo-1601412436009-d964bd02edbc?w=1200,https://res.cloudinary.com/p1kxfhlw/image/upload/v1791127908/admin-uploads/seeder/b3443af57b7b68d51e9a024f2977e3a4a6497dc74358dcb61839d56ccd6fbdac.webp,admin-uploads/seeder/b3443af57b7b68d51e9a024f2977e3a4a6497dc74358dcb61839d56ccd6fbdac,d7fe72e4cc0693fa4ba5c81d0ad8437b24d2362f12c1f1a9434f5e804fbba4e1,b3443af57b7b68d51e9a024f2977e3a4a6497dc74358dcb61839d56ccd6fbdac,247006,150960,1200,1500,verified,2026-10-04T15:31:49.200Z
https://images.unsplash.com/photo-1521590832167-7bcbfaa6381f?w=1200,https://res.cloudinary.com/p1kxfhlw/image/upload/v1791127910/admin-uploads/seeder/e7ea641d405c1d48e594e483e9efef104997ecee84846a1061f96aa7b0079c6f.webp,admin-uploads/seeder/e7ea641d405c1d48e594e483e9efef104997ecee84846a1061f96aa7b0079c6f,fcf4a15720a3b9ea6ac5fc7e126c7d80f3d4277af99e8ee5ed1fb84ce8d6343f,e7ea641d405c1d48e594e483e9efef104997ecee84846a1061f96aa7b0079c6f,126934,57872,1200,800,verified,2026-10-04T15:31:51.201Z
https://images.unsplash.com/photo-1471922694854-ff1b63b20054?w=1200,https://res.cloudinary.com/p1kxfhlw/image/upload/v1791127910/admin-uploads/seeder/031c3dec064a4481af0ee148b2a5923f59ee0319196b702808491a08ff5c7667.webp,admin-uploads/seeder/031c3dec064a4481af0ee148b2a5923f59ee0319196b702808491a08ff5c7667,24025cad57e595ed797455fa888a8dc7c789c1394f954f71b84fa2351f996e65,031c3dec064a4481af0ee148b2a5923f59ee0319196b702808491a08ff5c7667,185422,118534,1200,799,verified,2026-10-04T15:31:51.583Z
https://images.unsplash.com/photo-1522335789203-aabd1fc54bc9?w=1200,https://res.cloudinary.com/p1kxfhlw/image/upload/v1791127912/admin-uploads/seeder/c14e7e529d1d9fd8a98119143f8a821a027a79caf723f7a199e7b089a6e5aa96.webp,admin-uploads/seeder/c14e7e529d1d9fd8a98119143f8a821a027a79caf723f7a199e7b089a6e5aa96,930c27a54361b09103ce0f5c40ab2efef9ac68c3a0acacf3acb5ea5c2be1c03b,c14e7e529d1d9fd8a98119143f8a821a027a79caf723f7a199e7b089a6e5aa96,130211,57346,1200,785,verified,2026-10-04T15:31:53.555Z
https://images.unsplash.com/photo-1583417319070-4a69db38a482?w=1200,https://res.cloudinary.com/p1kxfhlw/image/upload/v1791127913/admin-uploads/seeder/ec963c84d472c76dcddd9eccbec6d6393151681201bd8d7e46a1fb3515d22540.webp,admin-uploads/seeder/ec963c84d472c76dcddd9eccbec6d6393151681201bd8d7e46a1fb3515d22540,60fe926ab80e360ce61cd35f2983f72a27e30d819b8852c26b05be1826cc47db,ec963c84d472c76dcddd9eccbec6d6393151681201bd8d7e46a1fb3515d22540,183898,128130,1200,800,verified,2026-10-04T15:31:55.169Z
https://images.unsplash.com/photo-1596422846543-75c6fc197f07?w=1200,https://res.cloudinary.com/p1kxfhlw/image/upload/v1791127915/admin-uploads/seeder/9a279c2306fb12b793eb7e66f5228c466fa90f564c9fb47835bff48d3e0472ee.webp,admin-uploads/seeder/9a279c2306fb12b793eb7e66f5228c466fa90f564c9fb47835bff48d3e0472ee,1b24dcac6c21a45f46499fd7764363be6d48a48f732ca487dbaf3be3d4effb82,9a279c2306fb12b793eb7e66f5228c466fa90f564c9fb47835bff48d3e0472ee,246172,185000,1200,806,verified,2026-10-04T15:31:56.436Z
https://images.unsplash.com/photo-1596484552834-6a58f850e0a1?w=1200,https://res.cloudinary.com/p1kxfhlw/image/upload/v1791127916/admin-uploads/seeder/1f3106cead1a33834a8e17dfd904551ef7745bb359568cb0c3816396207c86f3.webp,admin-uploads/seeder/1f3106cead1a33834a8e17dfd904551ef7745bb359568cb0c3816396207c86f3,ef19cea4e571343b47752c8e801aeb34f2d8d6eb17bac091a0f9baaf80d51d2b,1f3106cead1a33834a8e17dfd904551ef7745bb359568cb0c3816396207c86f3,218970,155014,1200,800,verified,2026-10-04T15:31:57.586Z
https://images.unsplash.com/photo-1570366583862-f91883984fde?w=1200,https://res.cloudinary.com/p1kxfhlw/image/upload/v1791127917/admin-uploads/seeder/4be1363ca87bf8c4fa7a1d925f24ca5fe2a029bf8c2dbb2404558852ac6a2af8.webp,admin-uploads/seeder/4be1363ca87bf8c4fa7a1d925f24ca5fe2a029bf8c2dbb2404558852ac6a2af8,12d79a75cd93ec23cca9024736043a1b37f99aa22b76e55e4fd49323a54fe72d,4be1363ca87bf8c4fa7a1d925f24ca5fe2a029bf8c2dbb2404558852ac6a2af8,411121,357820,1200,799,verified,2026-10-04T15:31:59.115Z
https://images.unsplash.com/photo-1500534314209-a25ddb2bd429?w=1200,https://res.cloudinary.com/p1kxfhlw/image/upload/v1791127919/admin-uploads/seeder/86db07cdb79b80791d10a21e417dd5d87edd884321bb836db88de024fe6bfbf4.webp,admin-uploads/seeder/86db07cdb79b80791d10a21e417dd5d87edd884321bb836db88de024fe6bfbf4,68755e251e89a146580934550227925419680cdf30265e170a914d6c19b30df8,86db07cdb79b80791d10a21e417dd5d87edd884321bb836db88de024fe6bfbf4,113690,29600,1200,1800,verified,2026-10-04T15:32:00.647Z
https://images.unsplash.com/photo-1501785888041-af3ef285b470?w=1200,https://res.cloudinary.com/p1kxfhlw/image/upload/v1791127921/admin-uploads/seeder/8d58da156797f9eec32c83ae06d8b6ee144a1fce9ddfb09a355219d0583e9610.webp,admin-uploads/seeder/8d58da156797f9eec32c83ae06d8b6ee144a1fce9ddfb09a355219d0583e9610,e6982469bec78258f96d1a2a60f5158c16d0d17dd8d044ccd7fb93b244b0fb26,8d58da156797f9eec32c83ae06d8b6ee144a1fce9ddfb09a355219d0583e9610,282696,227960,1200,800,verified,2026-10-04T15:32:02.331Z
https://images.unsplash.com/photo-1528360983277-13d401cdc186?w=1200,https://res.cloudinary.com/p1kxfhlw/image/upload/v1791127922/admin-uploads/seeder/8c10a02fb0b6413b80e2440c2537bdf0a4a77c39c663785f09d85e196aa2da20.webp,admin-uploads/seeder/8c10a02fb0b6413b80e2440c2537bdf0a4a77c39c663785f09d85e196aa2da20,84b1cb20be608ad3467c392971f0674beaa9c022e92c1742d26d6c6267269f8e,8c10a02fb0b6413b80e2440c2537bdf0a4a77c39c663785f09d85e196aa2da20,205779,120910,1200,800,verified,2026-10-04T15:32:03.664Z
https://images.unsplash.com/photo-1469474968028-56623f02e42e?w=1200,https://res.cloudinary.com/p1kxfhlw/image/upload/v1791127923/admin-uploads/seeder/984d9513f167dde469708362d58e993c9e76235c259da493ed3d4244da5a8d67.webp,admin-uploads/seeder/984d9513f167dde469708362d58e993c9e76235c259da493ed3d4244da5a8d67,d7909d6214c3083d53da63a4fa0dac53ffae54dd41d24ac3407492905b8ff6a3,984d9513f167dde469708362d58e993c9e76235c259da493ed3d4244da5a8d67,136642,81582,1200,797,verified,2026-10-04T15:32:04.476Z
https://images.unsplash.com/photo-1535713875002-d1d0cf377fde?w=200,https://res.cloudinary.com/p1kxfhlw/image/upload/v1791127924/admin-uploads/seeder/03575031ea0ede23c47aa6af9f1433e18a0c765a96f8656c9f12cb0ca232d8b5.webp,admin-uploads/seeder/03575031ea0ede23c47aa6af9f1433e18a0c765a96f8656c9f12cb0ca232d8b5,c01f86702cc9bd2c9bd7f60589129aa457326201c5fcf460ee7b455fff147a6a,03575031ea0ede23c47aa6af9f1433e18a0c765a96f8656c9f12cb0ca232d8b5,8982,2842,200,200,verified,2026-10-04T15:32:05.135Z
https://images.unsplash.com/photo-1527980965255-d3b416303d12?w=200,https://res.cloudinary.com/p1kxfhlw/image/upload/v1791127925/admin-uploads/seeder/b0ed1792a91627be619a6082c8c975c88b9df307b1216758ce9bec08aba50d74.webp,admin-uploads/seeder/b0ed1792a91627be619a6082c8c975c88b9df307b1216758ce9bec08aba50d74,3b077ecdefed5959d0011ad2bb2bfe4631ffc033cc4abfa686b9017cda6a54a6,b0ed1792a91627be619a6082c8c975c88b9df307b1216758ce9bec08aba50d74,13950,6556,200,200,verified,2026-10-04T15:32:06.053Z
https://images.unsplash.com/photo-1494790108377-be9c29b29330?w=200,https://res.cloudinary.com/p1kxfhlw/image/upload/v1791127925/admin-uploads/seeder/51fb160991f1c55da81d5fb58c34a5d8922ace545f671e6addc5354a6a1aab29.webp,admin-uploads/seeder/51fb160991f1c55da81d5fb58c34a5d8922ace545f671e6addc5354a6a1aab29,ad431ad70dd9a9b663866f1df12acc85841d407957de3c7848e32ff9662f3bc1,51fb160991f1c55da81d5fb58c34a5d8922ace545f671e6addc5354a6a1aab29,14002,5682,200,300,verified,2026-10-04T15:32:06.618Z
https://images.unsplash.com/photo-1438761681033-6461ffad8d80?w=200,https://res.cloudinary.com/p1kxfhlw/image/upload/v1791127926/admin-uploads/seeder/71f3aef1e0ff706037f27d602ba8fbaa8899fbb5e343d9af9cb59e60ccbc2407.webp,admin-uploads/seeder/71f3aef1e0ff706037f27d602ba8fbaa8899fbb5e343d9af9cb59e60ccbc2407,68869e07bdcf72d2bac7d3c041327fb894181c1b4167b0b97ffee3eb7281e80e,71f3aef1e0ff706037f27d602ba8fbaa8899fbb5e343d9af9cb59e60ccbc2407,8750,2916,200,133,verified,2026-10-04T15:32:07.431Z
https://images.unsplash.com/photo-1599566150163-29194dcaad36?w=200,https://res.cloudinary.com/p1kxfhlw/image/upload/v1791127927/admin-uploads/seeder/f1b955ff2c8d4a5889bd643fed024f610e5cb9fb49c61636523c15f0f9d858ca.webp,admin-uploads/seeder/f1b955ff2c8d4a5889bd643fed024f610e5cb9fb49c61636523c15f0f9d858ca,3a58551da003f3fee8ee2bf9347c354a300fb932af4f7387772880f1e20cafbf,f1b955ff2c8d4a5889bd643fed024f610e5cb9fb49c61636523c15f0f9d858ca,17523,8760,200,300,verified,2026-10-04T15:32:07.929Z
https://images.unsplash.com/photo-1507003211169-0a1dd7228f2d?w=200,https://res.cloudinary.com/p1kxfhlw/image/upload/v1791127927/admin-uploads/seeder/73223aaa9210cacc2c49bb70b483c216bfa610e7240dda93fd6bffc4398b85c8.webp,admin-uploads/seeder/73223aaa9210cacc2c49bb70b483c216bfa610e7240dda93fd6bffc4398b85c8,3e1784f8e4791361e54a26a4b04a62dff0d89ee236baeb89b6825846a6006216,73223aaa9210cacc2c49bb70b483c216bfa610e7240dda93fd6bffc4398b85c8,13488,5304,200,300,verified,2026-10-04T15:32:08.828Z
https://images.unsplash.com/photo-1500648767791-00dcc994a43e?w=200,https://res.cloudinary.com/p1kxfhlw/image/upload/v1791127928/admin-uploads/seeder/2ab73a7ef2e37742a3b7ff5176bd7f4066fccb20d6ddd38ff730cf0f20bac221.webp,admin-uploads/seeder/2ab73a7ef2e37742a3b7ff5176bd7f4066fccb20d6ddd38ff730cf0f20bac221,a9495cc45182d3556e3b76d2c018a2b62a5593bdddff0be92ced1ece127a52bd,2ab73a7ef2e37742a3b7ff5176bd7f4066fccb20d6ddd38ff730cf0f20bac221,17439,9256,200,300,verified,2026-10-04T15:32:09.267Z
https://images.unsplash.com/photo-1534528741775-53994a69daeb?w=200,https://res.cloudinary.com/p1kxfhlw/image/upload/v1791127929/admin-uploads/seeder/91e64b75b7f777ac446741cd0a05bea6378fb01bd229d0b3e365ef594a97ce0a.webp,admin-uploads/seeder/91e64b75b7f777ac446741cd0a05bea6378fb01bd229d0b3e365ef594a97ce0a,60cc412cc6f5f1a86cd4443aff58c0df03e8bf2c4f139197cf5814e2e1d00162,91e64b75b7f777ac446741cd0a05bea6378fb01bd229d0b3e365ef594a97ce0a,10286,3264,200,250,verified,2026-10-04T15:32:10.148Z
https://images.unsplash.com/photo-1543610892-0b1f7e6d8ac1?w=200,https://res.cloudinary.com/p1kxfhlw/image/upload/v1791127929/admin-uploads/seeder/e5e791637805b875b0692b2d778a44b05d382e1b754fc00897d50d2594749a1a.webp,admin-uploads/seeder/e5e791637805b875b0692b2d778a44b05d382e1b754fc00897d50d2594749a1a,07bbb9f9cbf2c8d0f123ef0422aeba613820c596bcf5b15bcaf032261b82f784,e5e791637805b875b0692b2d778a44b05d382e1b754fc00897d50d2594749a1a,14423,6800,200,300,verified,2026-10-04T15:32:10.651Z
https://images.unsplash.com/photo-1506794778202-cad84cf45f1d?w=200,https://res.cloudinary.com/p1kxfhlw/image/upload/v1791127930/admin-uploads/seeder/751c76133764b92d2dc474d5fa5542a2dd503750db67517a54bc60ab12813c37.webp,admin-uploads/seeder/751c76133764b92d2dc474d5fa5542a2dd503750db67517a54bc60ab12813c37,5b5b25f593adf40ce552e5bcd8cb84f3d390dbb6eceab066700e04711eaf52ad,751c76133764b92d2dc474d5fa5542a2dd503750db67517a54bc60ab12813c37,19027,12442,200,300,verified,2026-10-04T15:32:11.468Z
https://images.unsplash.com/photo-1517841905240-472988babdf9?w=200,https://res.cloudinary.com/p1kxfhlw/image/upload/v1791127931/admin-uploads/seeder/9672ebcdf442cca8be817a8eb20c2331e1752bdb5271eade17c969a5b5cc9c0a.webp,admin-uploads/seeder/9672ebcdf442cca8be817a8eb20c2331e1752bdb5271eade17c969a5b5cc9c0a,4e6971ced9d74ddd7bc8a187f75c9c2301964fa50112eacd7e76ca3483ee327a,9672ebcdf442cca8be817a8eb20c2331e1752bdb5271eade17c969a5b5cc9c0a,18653,9146,200,300,verified,2026-10-04T15:32:11.915Z
https://images.unsplash.com/photo-1463453091185-61582044d556?w=200,https://res.cloudinary.com/p1kxfhlw/image/upload/v1791127932/admin-uploads/seeder/a1731813bf41220f06868c862dddce30de87c9df92d5268668277c4fe461d6d7.webp,admin-uploads/seeder/a1731813bf41220f06868c862dddce30de87c9df92d5268668277c4fe461d6d7,4ec71eb2501b89f1e0fad791d13253f28e7ca6900c5bbb2eee648491b878d05c,a1731813bf41220f06868c862dddce30de87c9df92d5268668277c4fe461d6d7,11189,7502,200,133,verified,2026-10-04T15:32:12.804Z
https://images.unsplash.com/photo-1566073771259-6a8506099945?w=1200,https://res.cloudinary.com/p1kxfhlw/image/upload/v1791127933/admin-uploads/seeder/157682e9654bf950caae5c33f27917e2d9e74cda0debf35ce89b5a1e628d9f27.webp,admin-uploads/seeder/157682e9654bf950caae5c33f27917e2d9e74cda0debf35ce89b5a1e628d9f27,7b2b0dc41d1a04b6c6c1ee21b9a4404d1df6537f3f9eb843e08129a343d8360a,157682e9654bf950caae5c33f27917e2d9e74cda0debf35ce89b5a1e628d9f27,257650,192698,1200,800,verified,2026-10-04T15:32:14.404Z
https://images.unsplash.com/photo-1582719478250-c89cae4dc85b?w=1200,https://res.cloudinary.com/p1kxfhlw/image/upload/v1791127934/admin-uploads/seeder/b94cc671da48d4ae22115932f9973b85c313879e6684579deb03b00086aeda1d.webp,admin-uploads/seeder/b94cc671da48d4ae22115932f9973b85c313879e6684579deb03b00086aeda1d,d2027a8ea6d3373b8df1d365aa01ccd6994961072fd5c3230f9d6264a84f47ef,b94cc671da48d4ae22115932f9973b85c313879e6684579deb03b00086aeda1d,181891,98366,1200,800,verified,2026-10-04T15:32:14.938Z
https://images.unsplash.com/photo-1571896349842-33c89424de2d?w=1200,https://res.cloudinary.com/p1kxfhlw/image/upload/v1791127936/admin-uploads/seeder/844d38843e927d21afba66322a925d26deb2f7f5e734355a5f78fd6a25952611.webp,admin-uploads/seeder/844d38843e927d21afba66322a925d26deb2f7f5e734355a5f78fd6a25952611,5943e753763e483be6d9e9beb17b1d6ade92279b9a3b4ee23548698d4fbb7aec,844d38843e927d21afba66322a925d26deb2f7f5e734355a5f78fd6a25952611,282759,188296,1200,1200,verified,2026-10-04T15:32:17.138Z
https://images.unsplash.com/photo-1542314831-068cd1dbfeeb?w=1200,https://res.cloudinary.com/p1kxfhlw/image/upload/v1791127936/admin-uploads/seeder/75c9678e8eba829f1a67a94d8e9790662d8a1cad5738ed7a4d32376da94d4605.webp,admin-uploads/seeder/75c9678e8eba829f1a67a94d8e9790662d8a1cad5738ed7a4d32376da94d4605,9f62418c3ff98e822db3c34955978cb05f753e9e11cc6963cae226ac57058cc5,75c9678e8eba829f1a67a94d8e9790662d8a1cad5738ed7a4d32376da94d4605,168109,98392,1200,800,verified,2026-10-04T15:32:17.132Z
https://images.unsplash.com/photo-1519449556851-5720b33024e7?w=1200,https://res.cloudinary.com/p1kxfhlw/image/upload/v1791127938/admin-uploads/seeder/2f9cd7f6ef6949baf9ae4d7b8df490304d7f8c2691f47c7fbeb8e9860d9ae64a.webp,admin-uploads/seeder/2f9cd7f6ef6949baf9ae4d7b8df490304d7f8c2691f47c7fbeb8e9860d9ae64a,9c55252a92b87ebb91b31364c33418de178970d83793dbfd943d5940ac4e50e3,2f9cd7f6ef6949baf9ae4d7b8df490304d7f8c2691f47c7fbeb8e9860d9ae64a,93014,40738,1200,800,verified,2026-10-04T15:32:19.153Z
https://images.unsplash.com/photo-1551882547-ff40c63fe5fa?w=1200,https://res.cloudinary.com/p1kxfhlw/image/upload/v1791127938/admin-uploads/seeder/d58abb88c25faa93f17b972bbda6c3e40089d91310741ea663b34e5cdc8c7f28.webp,admin-uploads/seeder/d58abb88c25faa93f17b972bbda6c3e40089d91310741ea663b34e5cdc8c7f28,ce505c753c9bba1d4d6f61f48468e67dd33198e83b1e69cfa152f5fb350d63df,d58abb88c25faa93f17b972bbda6c3e40089d91310741ea663b34e5cdc8c7f28,188789,127120,1200,800,verified,2026-10-04T15:32:19.833Z
https://images.unsplash.com/photo-1444201983204-c43cbd584d93?w=1200,https://res.cloudinary.com/p1kxfhlw/image/upload/v1791127940/admin-uploads/seeder/ebf8b28ffe3a9d83e8555f9e127a5628c93fc9eae0151d1a67c93e9803886d4a.webp,admin-uploads/seeder/ebf8b28ffe3a9d83e8555f9e127a5628c93fc9eae0151d1a67c93e9803886d4a,664ca05f1c384e203c274fdbd6003fbd38d86fa1436f8167f72f1713a2523795,ebf8b28ffe3a9d83e8555f9e127a5628c93fc9eae0151d1a67c93e9803886d4a,146065,65278,1200,800,verified,2026-10-04T15:32:21.564Z
https://images.unsplash.com/photo-1618773928121-c32242e63f39?w=1200,https://res.cloudinary.com/p1kxfhlw/image/upload/v1791127941/admin-uploads/seeder/b331eb3fd6a2fba1f10c1ade2ca62c287adff4c495e055cd92cd4489559823e8.webp,admin-uploads/seeder/b331eb3fd6a2fba1f10c1ade2ca62c287adff4c495e055cd92cd4489559823e8,054efdb5ec7f6b14f6530d8747c10c8cd360302c13851aecd0f2c5bee6c45b78,b331eb3fd6a2fba1f10c1ade2ca62c287adff4c495e055cd92cd4489559823e8,146041,79372,1200,800,verified,2026-10-04T15:32:22.269Z
https://images.unsplash.com/photo-1561501900-3701fa6a0864?w=1200,https://res.cloudinary.com/p1kxfhlw/image/upload/v1791127944/admin-uploads/seeder/845a1160351904e575ea9ca9c5f179315dcef842f56cb29efa269414ffdffd96.webp,admin-uploads/seeder/845a1160351904e575ea9ca9c5f179315dcef842f56cb29efa269414ffdffd96,20ba8b08c5cb3a5d5fad3cfef9a8cd987756aadeca656d47dcaa516f99c7f94b,845a1160351904e575ea9ca9c5f179315dcef842f56cb29efa269414ffdffd96,184206,114162,1200,800,verified,2026-10-04T15:32:24.983Z
https://images.unsplash.com/photo-1549294413-26f195200c16?w=1200,https://res.cloudinary.com/p1kxfhlw/image/upload/v1791127944/admin-uploads/seeder/0f297e1d0e08e31a2f57fb019d92d2ce75008d12fe264090aebc6674e3f6d7cb.webp,admin-uploads/seeder/0f297e1d0e08e31a2f57fb019d92d2ce75008d12fe264090aebc6674e3f6d7cb,c2355fcd92acc1ad4e1cd4785ec1242e52dc92da5c33423acd387a94696330af,0f297e1d0e08e31a2f57fb019d92d2ce75008d12fe264090aebc6674e3f6d7cb,450665,332122,1200,1500,verified,2026-10-04T15:32:25.621Z
https://images.unsplash.com/photo-1516035069371-29a1b244cc32?w=1200,https://res.cloudinary.com/p1kxfhlw/image/upload/v1791127946/admin-uploads/seeder/fc854f34a4344cb57d442405f26e1166c88df502abb19d39de0268d9aaa4a526.webp,admin-uploads/seeder/fc854f34a4344cb57d442405f26e1166c88df502abb19d39de0268d9aaa4a526,029666d2f87e89039722692148ebb4d5ab18c6283cbeee2fbcf53d3735754ffc,fc854f34a4344cb57d442405f26e1166c88df502abb19d39de0268d9aaa4a526,178470,88002,1200,1500,verified,2026-10-04T15:32:27.439Z
https://images.unsplash.com/photo-1502982720700-bfff97f2ecac?w=1200,https://res.cloudinary.com/p1kxfhlw/image/upload/v1791127947/admin-uploads/seeder/aeaa0b216c4b979941389aa4e1e9f935ff5c66809b139ac7f546a515c8694e54.webp,admin-uploads/seeder/aeaa0b216c4b979941389aa4e1e9f935ff5c66809b139ac7f546a515c8694e54,2ff3f13df2b00a5a65212e2b246f3d17c1917a5ec56016f880d1ecd9718b3c69,aeaa0b216c4b979941389aa4e1e9f935ff5c66809b139ac7f546a515c8694e54,75891,32312,1200,800,verified,2026-10-04T15:32:27.903Z
https://images.unsplash.com/photo-1492691527719-9d1e07e534b4?w=1200,https://res.cloudinary.com/p1kxfhlw/image/upload/v1791127949/admin-uploads/seeder/4c2ee638af9ca5c1650d84dfaab1536ec48e3b70b487fbfadec379d88b81e5ce.webp,admin-uploads/seeder/4c2ee638af9ca5c1650d84dfaab1536ec48e3b70b487fbfadec379d88b81e5ce,52b6231ad5ff5b91e443234018f33ceca2b31e2926a71588a2a6d075492f943e,4c2ee638af9ca5c1650d84dfaab1536ec48e3b70b487fbfadec379d88b81e5ce,152714,105640,1200,800,verified,2026-10-04T15:32:30.346Z
https://images.unsplash.com/photo-1452587925148-ce544e77e70d?w=1200,https://res.cloudinary.com/p1kxfhlw/image/upload/v1791127950/admin-uploads/seeder/cc60b311c1fb14a2e1535dd5e4af2427a8465852c5ceb8482b0ca73bc8125dd0.webp,admin-uploads/seeder/cc60b311c1fb14a2e1535dd5e4af2427a8465852c5ceb8482b0ca73bc8125dd0,054cdf64875ea90074d9774a79d23557280222a8dfc41cec3824d1affca7a6e9,cc60b311c1fb14a2e1535dd5e4af2427a8465852c5ceb8482b0ca73bc8125dd0,178940,104686,1200,900,verified,2026-10-04T15:32:31.098Z
https://images.unsplash.com/photo-1520390138845-fd2d229dd553?w=1200,https://res.cloudinary.com/p1kxfhlw/image/upload/v1791127951/admin-uploads/seeder/76db518fe6058c3f5278d937920f24841ec2c64616f9784938ecf9c295e2f916.webp,admin-uploads/seeder/76db518fe6058c3f5278d937920f24841ec2c64616f9784938ecf9c295e2f916,00941e6a5ea686dddaff9812bde635d943385d762a600af892b1abea4bf8fca6,76db518fe6058c3f5278d937920f24841ec2c64616f9784938ecf9c295e2f916,75025,33358,1200,675,verified,2026-10-04T15:32:32.092Z
https://images.unsplash.com/photo-1556909114-f6e7ad7d3136?w=1200,https://res.cloudinary.com/p1kxfhlw/image/upload/v1791127952/admin-uploads/seeder/f2fc40c2b8420151289176497b3c2ab4db285cec60403dc58de2de12ce80a822.webp,admin-uploads/seeder/f2fc40c2b8420151289176497b3c2ab4db285cec60403dc58de2de12ce80a822,ad087431996b36932e3b703f1c6d3ad717dcb5b9a8ca6b509a1ea9a3006d8a4f,f2fc40c2b8420151289176497b3c2ab4db285cec60403dc58de2de12ce80a822,148067,82342,1200,800,verified,2026-10-04T15:32:33.453Z
https://images.unsplash.com/photo-1556910103-1c02745aae4d?w=1200,https://res.cloudinary.com/p1kxfhlw/image/upload/v1791127953/admin-uploads/seeder/80e15facadf11cd0dc578deb2214e05c3d3f3c2f704f24f3b0f76f311448a7f9.webp,admin-uploads/seeder/80e15facadf11cd0dc578deb2214e05c3d3f3c2f704f24f3b0f76f311448a7f9,37606be9492a571175db786b5b190ae76f209dd8d28df834d9f9db671f12b456,80e15facadf11cd0dc578deb2214e05c3d3f3c2f704f24f3b0f76f311448a7f9,187999,116268,1200,800,verified,2026-10-04T15:32:34.364Z
https://images.unsplash.com/photo-1504674900247-0877df9cc836?w=1200,https://res.cloudinary.com/p1kxfhlw/image/upload/v1791127954/admin-uploads/seeder/d2c59682914dddb4da0164008fe2da2a9913d777dd1c03372e6baf3c72c93e3c.webp,admin-uploads/seeder/d2c59682914dddb4da0164008fe2da2a9913d777dd1c03372e6baf3c72c93e3c,709d4f2535ecf092c6fab8cd9357b79847197fb4c9138b29194285c3dadd5bd2,d2c59682914dddb4da0164008fe2da2a9913d777dd1c03372e6baf3c72c93e3c,321080,259868,1200,800,verified,2026-10-04T15:32:35.775Z
https://images.unsplash.com/photo-1512621776951-a57141f2eefd?w=1200,https://res.cloudinary.com/p1kxfhlw/image/upload/v1791127956/admin-uploads/seeder/674f95bc50df169badbdb71139f86a99c591b2533d0579e0186dfa9c59bc006f.webp,admin-uploads/seeder/674f95bc50df169badbdb71139f86a99c591b2533d0579e0186dfa9c59bc006f,84c3d0db69f1089a73f2a3677ad3da381042238a61295d6e6e949daca19601b4,674f95bc50df169badbdb71139f86a99c591b2533d0579e0186dfa9c59bc006f,244367,164766,1200,800,verified,2026-10-04T15:32:37.406Z
https://images.unsplash.com/photo-1540555700478-4be289fbecef?w=1200,https://res.cloudinary.com/p1kxfhlw/image/upload/v1791127957/admin-uploads/seeder/b40d6822415c02cc0bfc6c304f5348a8fe6f3d54ec2a92395666f8d5c52bcc91.webp,admin-uploads/seeder/b40d6822415c02cc0bfc6c304f5348a8fe6f3d54ec2a92395666f8d5c52bcc91,bbc8479f774d1fed63eda6abcd66f4e30745ac2fbfc1efe8e70472660d0086ee,b40d6822415c02cc0bfc6c304f5348a8fe6f3d54ec2a92395666f8d5c52bcc91,119353,65758,1200,800,verified,2026-10-04T15:32:37.985Z
https://images.unsplash.com/photo-1540189549336-e6e99c3679fe?w=1200,https://res.cloudinary.com/p1kxfhlw/image/upload/v1791127959/admin-uploads/seeder/155b7a54dc64368bb9c3b5faef5111cf56637c72cdea27ae3c8beaffe20e274e.webp,admin-uploads/seeder/155b7a54dc64368bb9c3b5faef5111cf56637c72cdea27ae3c8beaffe20e274e,d6bc6924cd4306b73b145f9ec0905ca7ce53f2dfe6d3910f79530591942ceb05,155b7a54dc64368bb9c3b5faef5111cf56637c72cdea27ae3c8beaffe20e274e,432765,307876,1200,1800,verified,2026-10-04T15:32:40.805Z
https://images.unsplash.com/photo-1555939594-58d7cb561ad1?w=1200,https://res.cloudinary.com/p1kxfhlw/image/upload/v1791127960/admin-uploads/seeder/d6211c551afaf97e8b396ba1d41451080e82cd52b65b650e071124effeffb5ae.webp,admin-uploads/seeder/d6211c551afaf97e8b396ba1d41451080e82cd52b65b650e071124effeffb5ae,ddb3fdd48e815262e6108b65877558b919add9c5c186304b194cfd03fbf5bb52,d6211c551afaf97e8b396ba1d41451080e82cd52b65b650e071124effeffb5ae,620188,466556,1200,1800,verified,2026-10-04T15:32:41.653Z
https://images.unsplash.com/photo-1517836357463-d25dfeac3438?w=1200,https://res.cloudinary.com/p1kxfhlw/image/upload/v1791127962/admin-uploads/seeder/252afa3f97b01b02aad85a33a2203eabdca917800b895bb487c09a3cd0636db8.webp,admin-uploads/seeder/252afa3f97b01b02aad85a33a2203eabdca917800b895bb487c09a3cd0636db8,ab08f4c78ef46fe46b3648ec417a35413b1994f3177f88d3e92edb88ea478d5d,252afa3f97b01b02aad85a33a2203eabdca917800b895bb487c09a3cd0636db8,255144,198884,1200,800,verified,2026-10-04T15:32:42.955Z
https://images.unsplash.com/photo-1571019613454-1cb2f99b2d8b?w=1200,https://res.cloudinary.com/p1kxfhlw/image/upload/v1791127962/admin-uploads/seeder/5c0c009efb3b9ef07cb5c35a2f7f50f08b25a118dc42c565e78403713456287f.webp,admin-uploads/seeder/5c0c009efb3b9ef07cb5c35a2f7f50f08b25a118dc42c565e78403713456287f,759d423942a4e036b38fef37aa2492c61240bcf90ae0bbc4f5059cb47695ed66,5c0c009efb3b9ef07cb5c35a2f7f50f08b25a118dc42c565e78403713456287f,118895,65410,1200,800,verified,2026-10-04T15:32:43.871Z
https://images.unsplash.com/photo-1518611012118-696072aa579a?w=1200,https://res.cloudinary.com/p1kxfhlw/image/upload/v1791127963/admin-uploads/seeder/7d81dfcc3003399d0eec16ee9891a17c34f822200ea2109c213ba5976cd20f7d.webp,admin-uploads/seeder/7d81dfcc3003399d0eec16ee9891a17c34f822200ea2109c213ba5976cd20f7d,4cace8facbe19ecea1f571937c99a8aa0334cb20c0b5dcb3605a578a2f2209de,7d81dfcc3003399d0eec16ee9891a17c34f822200ea2109c213ba5976cd20f7d,126684,63764,1200,800,verified,2026-10-04T15:32:44.666Z
https://images.unsplash.com/photo-1544367567-0f2fcb009e0b?w=1200,https://res.cloudinary.com/p1kxfhlw/image/upload/v1791127964/admin-uploads/seeder/5f6f3be223f1e1d2d675c9e84d8546f350dc824fc5573f6d5412185cb2236777.webp,admin-uploads/seeder/5f6f3be223f1e1d2d675c9e84d8546f350dc824fc5573f6d5412185cb2236777,09b72ecbcbefbd7fe6cc9f8f814480dfc4f1255fad2b1a70529a68e9a549ae93,5f6f3be223f1e1d2d675c9e84d8546f350dc824fc5573f6d5412185cb2236777,85567,37014,1200,757,verified,2026-10-04T15:32:45.355Z
https://images.unsplash.com/photo-1562322140-8baeececf3df?w=1200,https://res.cloudinary.com/p1kxfhlw/image/upload/v1791127966/admin-uploads/seeder/4679211dd1a4bc95adaadce2ebe35e44294b6652ba1a92bf210da59f6a7e2c4d.webp,admin-uploads/seeder/4679211dd1a4bc95adaadce2ebe35e44294b6652ba1a92bf210da59f6a7e2c4d,444eaec39b3c21813690434980c8f8fb96ecc34cba97e1e23263821683e10cc5,4679211dd1a4bc95adaadce2ebe35e44294b6652ba1a92bf210da59f6a7e2c4d,166048,104838,1200,801,verified,2026-10-04T15:32:47.756Z
https://images.unsplash.com/photo-1526506118085-60ce8714f8c5?w=1200,https://res.cloudinary.com/p1kxfhlw/image/upload/v1791127966/admin-uploads/seeder/ce9d084ceeed9391e3582feaec236fc552fcd236b2fed464dbf32a0dc3bf192b.webp,admin-uploads/seeder/ce9d084ceeed9391e3582feaec236fc552fcd236b2fed464dbf32a0dc3bf192b,6a6d946aa7b4d678dd040a82ee2ed871c38cc5d8ec64ea728028da03bbe82b0a,ce9d084ceeed9391e3582feaec236fc552fcd236b2fed464dbf32a0dc3bf192b,276480,142444,1200,1800,verified,2026-10-04T15:32:48.464Z
https://images.unsplash.com/photo-1522337360788-8b13dee7a37e?w=1200,https://res.cloudinary.com/p1kxfhlw/image/upload/v1791127969/admin-uploads/seeder/578f3f851cf7a34a2afb896d8ec2218793d8fead64a3ebaff5804e68776e2ddd.webp,admin-uploads/seeder/578f3f851cf7a34a2afb896d8ec2218793d8fead64a3ebaff5804e68776e2ddd,46961371243a7a37d96f7a5297273b34660f3c73d8aa8a7d64e49ed473e43a1b,578f3f851cf7a34a2afb896d8ec2218793d8fead64a3ebaff5804e68776e2ddd,103992,43572,1200,801,verified,2026-10-04T15:32:49.992Z
https://images.unsplash.com/photo-1511795409834-ef04bbd61622?w=1200,https://res.cloudinary.com/p1kxfhlw/image/upload/v1791127969/admin-uploads/seeder/7c4a134ffe05c2b651cfb6da9c009ad3f5a117d3bd02e8a2fdcbd07aa68b4ffe.webp,admin-uploads/seeder/7c4a134ffe05c2b651cfb6da9c009ad3f5a117d3bd02e8a2fdcbd07aa68b4ffe,a5176fd37b683e6d06aaa93d67f58cc3b77c5ed60c40398e81b5bbb4a3014d75,7c4a134ffe05c2b651cfb6da9c009ad3f5a117d3bd02e8a2fdcbd07aa68b4ffe,158903,88868,1200,801,verified,2026-10-04T15:32:50.638Z
https://images.unsplash.com/photo-1555244162-803834f70033?w=1200,https://res.cloudinary.com/p1kxfhlw/image/upload/v1791127971/admin-uploads/seeder/5f700f7c17e2cde3349ffd37e6a511a53ccb3289485d91e908bcaa375f808af5.webp,admin-uploads/seeder/5f700f7c17e2cde3349ffd37e6a511a53ccb3289485d91e908bcaa375f808af5,79c8b86da231ca1becfc466dc8f4672e8fb7705f5e0c00fb0ae7171d16de3b8b,5f700f7c17e2cde3349ffd37e6a511a53ccb3289485d91e908bcaa375f808af5,170195,97176,1200,800,verified,2026-10-04T15:32:52.189Z
https://images.unsplash.com/photo-1464366400600-7168b8af9bc3?w=1200,https://res.cloudinary.com/p1kxfhlw/image/upload/v1791127972/admin-uploads/seeder/7d09f54dc7568601651035b654b64ea6138f16c3147be8e1dc68320d33548407.webp,admin-uploads/seeder/7d09f54dc7568601651035b654b64ea6138f16c3147be8e1dc68320d33548407,a9ead138774eb59403c7614723b8bfe63fbf0b069ad5173a23cd8f3c31e8ddc8,7d09f54dc7568601651035b654b64ea6138f16c3147be8e1dc68320d33548407,196246,116888,1200,801,verified,2026-10-04T15:32:53.943Z
https://images.unsplash.com/photo-1528605248644-14dd04022da1?w=1200,https://res.cloudinary.com/p1kxfhlw/image/upload/v1791127973/admin-uploads/seeder/adf0a8bfadf06b4f2e66a72747446c0f41f02d688b7f77321285cb5bbb2adf0d.webp,admin-uploads/seeder/adf0a8bfadf06b4f2e66a72747446c0f41f02d688b7f77321285cb5bbb2adf0d,c2e08873a426df69b3726955f42171477a0818c897b906a61c1e962a91188092,adf0a8bfadf06b4f2e66a72747446c0f41f02d688b7f77321285cb5bbb2adf0d,196437,122226,1200,800,verified,2026-10-04T15:32:54.615Z
https://images.unsplash.com/photo-1509062522246-3755977927d7?w=1200,https://res.cloudinary.com/p1kxfhlw/image/upload/v1791127974/admin-uploads/seeder/d25f854ea3f37b9120abf586b5b7dea539d9fbafe212ee2995efbe728153d089.webp,admin-uploads/seeder/d25f854ea3f37b9120abf586b5b7dea539d9fbafe212ee2995efbe728153d089,edca06ce6e2825544567c0f2d5b272a9680f41ac601f7015a717e0587a6eb716,d25f854ea3f37b9120abf586b5b7dea539d9fbafe212ee2995efbe728153d089,137248,71174,1200,747,verified,2026-10-04T15:32:55.739Z
https://upload.wikimedia.org/wikipedia/commons/1/1c/Hoan_Kiem.jpg,https://res.cloudinary.com/p1kxfhlw/image/upload/v1791127975/admin-uploads/seeder/c6bc92e5158875c93897512abc1a1ecd30352a8e251e3bf4b4840e8f61d77a68.webp,admin-uploads/seeder/c6bc92e5158875c93897512abc1a1ecd30352a8e251e3bf4b4840e8f61d77a68,95b16a9a26b2e56d75b06dd92b4ec0b069ac072e4ba338c2d17900659615bad5,c6bc92e5158875c93897512abc1a1ecd30352a8e251e3bf4b4840e8f61d77a68,65415,50986,533,316,verified,2026-10-04T15:32:56.530Z
https://images.unsplash.com/photo-1560969184-10fe8719e047?w=1200,https://res.cloudinary.com/p1kxfhlw/image/upload/v1791127977/admin-uploads/seeder/a0b220909e3eca69c28a400520a1cc446d1def0fbe8dde74d9ae14c122b41af5.webp,admin-uploads/seeder/a0b220909e3eca69c28a400520a1cc446d1def0fbe8dde74d9ae14c122b41af5,24d7aca1fc8bce81eedbc2d14ae33dc4274e23decfdf2812fb1291ea84dcf631,a0b220909e3eca69c28a400520a1cc446d1def0fbe8dde74d9ae14c122b41af5,188527,123578,1200,800,verified,2026-10-04T15:32:58.532Z
https://upload.wikimedia.org/wikipedia/commons/3/39/Hanoi_Temple_of_Literature_%28cropped%29.jpg,https://res.cloudinary.com/p1kxfhlw/image/upload/v1791127981/admin-uploads/seeder/ca3971552ad49590db8517f2848278d76bb1d379cbdf86ae53d0c92896fdee49.webp,admin-uploads/seeder/ca3971552ad49590db8517f2848278d76bb1d379cbdf86ae53d0c92896fdee49,81105e0125dea285adf37286b18dfa1a3cdb1c73a1d8ea8e733f5b4454d4505b,ca3971552ad49590db8517f2848278d76bb1d379cbdf86ae53d0c92896fdee49,1457688,705246,2560,1194,verified,2026-10-04T15:33:02.252Z
https://upload.wikimedia.org/wikipedia/commons/9/91/Ben_Thanh_market_2.jpg,https://res.cloudinary.com/p1kxfhlw/image/upload/v1791127984/admin-uploads/seeder/a150b13d34f620e0b45cec8521fc3e63b97d4fe5400d39c9c4cba1b865386fdd.webp,admin-uploads/seeder/a150b13d34f620e0b45cec8521fc3e63b97d4fe5400d39c9c4cba1b865386fdd,cdb1c5b1054b798f9239eb1ac730406a882f6471226064970cab30e0b9971ed5,a150b13d34f620e0b45cec8521fc3e63b97d4fe5400d39c9c4cba1b865386fdd,190075,97938,1024,685,verified,2026-10-04T15:33:04.816Z
https://upload.wikimedia.org/wikipedia/commons/f/fd/L%C4%83ng_B%C3%A1c_-_NKS.jpg,https://res.cloudinary.com/p1kxfhlw/image/upload/v1791127985/admin-uploads/seeder/45b95a2eab7d5aa3e506388c9c68ea27c518cee9c99a60ec5fabce1634f0c272.webp,admin-uploads/seeder/45b95a2eab7d5aa3e506388c9c68ea27c518cee9c99a60ec5fabce1634f0c272,2a7d1b08e8428cc628279f3901ba42ee90938fb2c0d3fd23206984f30be341fc,45b95a2eab7d5aa3e506388c9c68ea27c518cee9c99a60ec5fabce1634f0c272,7929854,653428,2560,1706,verified,2026-10-04T15:33:06.549Z
https://upload.wikimedia.org/wikipedia/commons/d/d0/Dinh_%C4%90%E1%BB%99c_L%E1%BA%ADp_v%C3%A0o_n%C3%A0m_2024.jpg,https://res.cloudinary.com/p1kxfhlw/image/upload/v1791127986/admin-uploads/seeder/083a5947cd0fc6f834083de3cb3aa773f678beaf3e85f2a6260c577ce58f4a62.webp,admin-uploads/seeder/083a5947cd0fc6f834083de3cb3aa773f678beaf3e85f2a6260c577ce58f4a62,86a52cfdbe50920df46d8b4e2746b53ef7499b9c0b2fec3dd1f1aad180435a98,083a5947cd0fc6f834083de3cb3aa773f678beaf3e85f2a6260c577ce58f4a62,597286,174286,1616,1080,verified,2026-10-04T15:33:07.678Z
https://upload.wikimedia.org/wikipedia/commons/2/28/Panoramic_View.jpg,https://res.cloudinary.com/p1kxfhlw/image/upload/v1791127988/admin-uploads/seeder/660a12666ae5efad70787c6fc6ebf7ebb82b4cb361eded84747b9ecaf7fa6f0b.webp,admin-uploads/seeder/660a12666ae5efad70787c6fc6ebf7ebb82b4cb361eded84747b9ecaf7fa6f0b,c4030227f868557972ceab1384f0c6e79b7354d5b51fd775a1400e56ab980759,660a12666ae5efad70787c6fc6ebf7ebb82b4cb361eded84747b9ecaf7fa6f0b,233053,48622,800,449,verified,2026-10-04T15:33:09.438Z
https://upload.wikimedia.org/wikipedia/commons/4/4e/The_Landmark_81_at_night.jpg,https://res.cloudinary.com/p1kxfhlw/image/upload/v1791127991/admin-uploads/seeder/3938f5d3fae9234b454081fd3999ec71b9832191e574a44a3eb74e87219033d5.webp,admin-uploads/seeder/3938f5d3fae9234b454081fd3999ec71b9832191e574a44a3eb74e87219033d5,a625dc02fc73e64d5d872f4b7ecdb66ee1ee999125c9f461d092293dfa884ea1,3938f5d3fae9234b454081fd3999ec71b9832191e574a44a3eb74e87219033d5,2932732,412058,1920,2560,verified,2026-10-04T15:33:12.448Z
https://images.unsplash.com/photo-1506929562872-bb421503ef21?w=1200,https://res.cloudinary.com/p1kxfhlw/image/upload/v1791127991/admin-uploads/seeder/5bb9efa0facaf64c40fe4fa52410955ee748200dc71f1ced2cf0ff4d2c418891.webp,admin-uploads/seeder/5bb9efa0facaf64c40fe4fa52410955ee748200dc71f1ced2cf0ff4d2c418891,0e3f68f7b7e64d84262b777a31e38a2ce15a185d1e281ed7a5cf6a1ea7d3286b,5bb9efa0facaf64c40fe4fa52410955ee748200dc71f1ced2cf0ff4d2c418891,582003,506644,1200,1487,verified,2026-10-04T15:33:13.212Z
https://upload.wikimedia.org/wikipedia/commons/8/8d/Ban_dao_Son_Tra.jpg,https://res.cloudinary.com/p1kxfhlw/image/upload/v1791127994/admin-uploads/seeder/c02c25fc77517ed307099e3bc977d8e78c41cafaa49f90071a459a9f375d2482.webp,admin-uploads/seeder/c02c25fc77517ed307099e3bc977d8e78c41cafaa49f90071a459a9f375d2482,92879ecbc0545678e75e498a29f73e53e4f87807968a86a869ef697d82d0c87d,c02c25fc77517ed307099e3bc977d8e78c41cafaa49f90071a459a9f375d2482,529320,68766,1024,768,verified,2026-10-04T15:33:15.025Z
https://upload.wikimedia.org/wikipedia/commons/3/3c/Tu%E1%BA%A7n_Ch%C3%A2u.jpg,https://res.cloudinary.com/p1kxfhlw/image/upload/v1791127997/admin-uploads/seeder/690c06d572187499a1b6cc4713fc7a9f1d5748a20614cb705b62cb5deb8fd5bb.webp,admin-uploads/seeder/690c06d572187499a1b6cc4713fc7a9f1d5748a20614cb705b62cb5deb8fd5bb,96ca02874b6af47d84fa229114d7eb0a9777768a125ce4fee1353b5198141724,690c06d572187499a1b6cc4713fc7a9f1d5748a20614cb705b62cb5deb8fd5bb,533808,358366,1600,1200,verified,2026-10-04T15:33:18.203Z
https://upload.wikimedia.org/wikipedia/commons/1/19/Dragon_bridge_from_above.png,https://res.cloudinary.com/p1kxfhlw/image/upload/v1791127998/admin-uploads/seeder/15f7775f1abd75d1fe66a38763f3d40736aba84d4ca99e153a29a4529234ddd6.webp,admin-uploads/seeder/15f7775f1abd75d1fe66a38763f3d40736aba84d4ca99e153a29a4529234ddd6,e1d4e4eada17e4829a97a06b24e2c50bada386bd24965f19b8efae16b7323a4e,15f7775f1abd75d1fe66a38763f3d40736aba84d4ca99e153a29a4529234ddd6,23898219,389870,2560,1707,verified,2026-10-04T15:33:19.936Z
https://upload.wikimedia.org/wikipedia/commons/d/de/C%C3%A1p-treo-fansipan-17.jpg,https://res.cloudinary.com/p1kxfhlw/image/upload/v1791128000/admin-uploads/seeder/65eb6c6c65c0793798ee95fa2115191f29da449e45b77349d6fa9ac3a94b7527.webp,admin-uploads/seeder/65eb6c6c65c0793798ee95fa2115191f29da449e45b77349d6fa9ac3a94b7527,124df6d97efe66106431cf1a56792bbe6f1d35a7d61a3a2b9b1b8d907cfaa9b4,65eb6c6c65c0793798ee95fa2115191f29da449e45b77349d6fa9ac3a94b7527,76386,79952,960,720,verified,2026-10-04T15:33:21.109Z
https://upload.wikimedia.org/wikipedia/commons/3/31/N%C3%BAi_Y%C3%AAn_T%E1%BB%AD.jpg,https://res.cloudinary.com/p1kxfhlw/image/upload/v1791128002/admin-uploads/seeder/ec87fffc768e8d589fa41decd9f93b7de69f10c6262294441436b62fcfb41766.webp,admin-uploads/seeder/ec87fffc768e8d589fa41decd9f93b7de69f10c6262294441436b62fcfb41766,407abdae5bab8abdb3993f1a77da252a902a5ffc81549471b2b9d76a87cd59d1,ec87fffc768e8d589fa41decd9f93b7de69f10c6262294441436b62fcfb41766,1361366,205344,2048,1536,verified,2026-10-04T15:33:23.432Z
https://upload.wikimedia.org/wikipedia/commons/6/66/B%E1%BA%A3n_C%C3%A1t_C%C3%A1t.jpg,https://res.cloudinary.com/p1kxfhlw/image/upload/v1791128002/admin-uploads/seeder/87375d697989b7d9595f2c4d8829fab0ea421440b768b650ca65d7302faaed17.webp,admin-uploads/seeder/87375d697989b7d9595f2c4d8829fab0ea421440b768b650ca65d7302faaed17,2fcb3cc1a8ebdbfa68192f6e5956165d6d2e524282146ab841040ccdd5a5817b,87375d697989b7d9595f2c4d8829fab0ea421440b768b650ca65d7302faaed17,478610,190672,1024,768,verified,2026-10-04T15:33:23.650Z
https://images.unsplash.com/photo-1520250497591-112f2f40a3f4?w=1200,https://res.cloudinary.com/p1kxfhlw/image/upload/v1791128005/admin-uploads/seeder/1b9d41fa19aca5853523ed200eec3393512199138d27fae304d2d41c87dddc61.webp,admin-uploads/seeder/1b9d41fa19aca5853523ed200eec3393512199138d27fae304d2d41c87dddc61,b4470de4a5d210b5fdb91134d9e0835c8cbeefcb7a713fb7ffc4279e83c593fa,1b9d41fa19aca5853523ed200eec3393512199138d27fae304d2d41c87dddc61,316978,247272,1200,800,verified,2026-10-04T15:33:26.250Z
https://upload.wikimedia.org/wikipedia/commons/a/a7/Nh%C3%A0_th%E1%BB%9D_%C4%91%C3%A1_Sapa_-_panoramio.jpg,https://res.cloudinary.com/p1kxfhlw/image/upload/v1791128006/admin-uploads/seeder/24d68f06d504a9dcdfa16f2eccf8f9e22c3610142a47b7704c88b4cf6a2b1294.webp,admin-uploads/seeder/24d68f06d504a9dcdfa16f2eccf8f9e22c3610142a47b7704c88b4cf6a2b1294,27be7231814762b21977f1eddf6e6c0cb7e1b878b4d43890513ee23116c1fec4,24d68f06d504a9dcdfa16f2eccf8f9e22c3610142a47b7704c88b4cf6a2b1294,2915173,377272,1700,2560,verified,2026-10-04T15:33:27.422Z
https://upload.wikimedia.org/wikipedia/commons/a/ad/Vinpearl_Land_Nha_Trang_Ferris_wheel.jpg,https://res.cloudinary.com/p1kxfhlw/image/upload/v1791128008/admin-uploads/seeder/a32c478599dac4e5225435cf784c70b930006168ff2524e5fad04fd9619b381a.webp,admin-uploads/seeder/a32c478599dac4e5225435cf784c70b930006168ff2524e5fad04fd9619b381a,ddb93b4691902e9a2d8fabfb19355a4300847b4fb02926eca4f97c68825f61e0,a32c478599dac4e5225435cf784c70b930006168ff2524e5fad04fd9619b381a,567838,209872,1500,2000,verified,2026-10-04T15:33:29.334Z
https://upload.wikimedia.org/wikipedia/commons/1/12/Th%C3%A1p_B%C3%A0_PONAGAR_-_panoramio.jpg,https://res.cloudinary.com/p1kxfhlw/image/upload/v1791128011/admin-uploads/seeder/3321e537d9af87917ac4e5ac14ef17775c42ed2c66234f5d6ad94aef35f26611.webp,admin-uploads/seeder/3321e537d9af87917ac4e5ac14ef17775c42ed2c66234f5d6ad94aef35f26611,1e221e3da5f816cd6ff84a189f8436e4e6f709b71c8636198d8b654fffa361e0,3321e537d9af87917ac4e5ac14ef17775c42ed2c66234f5d6ad94aef35f26611,2241678,673720,2560,1400,verified,2026-10-04T15:33:32.518Z
https://upload.wikimedia.org/wikipedia/commons/d/d5/Tuyen_Lam_Lake_01.jpg,https://res.cloudinary.com/p1kxfhlw/image/upload/v1791128012/admin-uploads/seeder/9559fbe2f61c7225733047ff10c09ca745ba35f00bdc5c7f41610ecd2237d6eb.webp,admin-uploads/seeder/9559fbe2f61c7225733047ff10c09ca745ba35f00bdc5c7f41610ecd2237d6eb,142c9184f2fa563d66fa645c29453ad03cecc83796345455e40101692ff3c251,9559fbe2f61c7225733047ff10c09ca745ba35f00bdc5c7f41610ecd2237d6eb,2345156,309450,2560,1920,verified,2026-10-04T15:33:33.703Z
https://upload.wikimedia.org/wikipedia/commons/2/29/V%E1%BB%8Bnh_H%E1%BA%A1_Long_-_NKS.jpg,https://res.cloudinary.com/p1kxfhlw/image/upload/v1791128016/admin-uploads/seeder/38e2a4b2b34b7e5afab91d8ef27b9e020015bd826553fa2c8639269b24a66cdb.webp,admin-uploads/seeder/38e2a4b2b34b7e5afab91d8ef27b9e020015bd826553fa2c8639269b24a66cdb,a7755da4711a01cfc5a1fe2eda41621bfdddd562dfa431a9f9ca03ce51c7d826,38e2a4b2b34b7e5afab91d8ef27b9e020015bd826553fa2c8639269b24a66cdb,10907380,266022,2560,1440,verified,2026-10-04T15:33:40.495Z
https://upload.wikimedia.org/wikipedia/commons/c/c7/TLTY2.jpg,https://res.cloudinary.com/p1kxfhlw/image/upload/v1791128019/admin-uploads/seeder/0df9aad0b239a0a3c4c5c8b5daec5ebd8ce7ae09966805cf6ec87a70c9a2aa6b.webp,admin-uploads/seeder/0df9aad0b239a0a3c4c5c8b5daec5ebd8ce7ae09966805cf6ec87a70c9a2aa6b,934b6af5af92c65ea66b351b3fed29257709a129e24ab8f6059dbe67e0837b07,0df9aad0b239a0a3c4c5c8b5daec5ebd8ce7ae09966805cf6ec87a70c9a2aa6b,14774653,1057092,2560,1506,verified,2026-10-04T15:33:42.045Z
https://upload.wikimedia.org/wikipedia/commons/8/84/%C4%90%E1%BB%89nh_Langbiang.JPG,https://res.cloudinary.com/p1kxfhlw/image/upload/v1791128024/admin-uploads/seeder/b6de49321da24eff58c099893df6433e605426a6823b6c7c35b77e898f683401.webp,admin-uploads/seeder/b6de49321da24eff58c099893df6433e605426a6823b6c7c35b77e898f683401,47ee9a6c584e59d910fd1d63a68813c7e2fe30766d2d9b9bb36cc61975a69706,b6de49321da24eff58c099893df6433e605426a6823b6c7c35b77e898f683401,1462126,363796,2048,1536,verified,2026-10-04T15:33:45.870Z
https://upload.wikimedia.org/wikipedia/commons/b/b9/%C4%90%E1%BA%A1i_n%E1%BB%99i.jpg,https://res.cloudinary.com/p1kxfhlw/image/upload/v1791128024/admin-uploads/seeder/874ae7c0e45a8acc6ec9673ac11b6f66078e3667dc7e1a1a0e5de5f239d5f80d.webp,admin-uploads/seeder/874ae7c0e45a8acc6ec9673ac11b6f66078e3667dc7e1a1a0e5de5f239d5f80d,38e6cb2631ee49703622d57975a8384e8ceb4522a4afabe31fb94fbbe2df0214,874ae7c0e45a8acc6ec9673ac11b6f66078e3667dc7e1a1a0e5de5f239d5f80d,289671,153860,900,531,verified,2026-10-04T15:33:46.249Z
https://upload.wikimedia.org/wikipedia/commons/d/dd/Annam_-_Hu%C3%A9_-_Pavillons_sur_le_bassin_fleuri_au_Tombeau_de_Tu-Duc.jpg,https://res.cloudinary.com/p1kxfhlw/image/upload/v1791128028/admin-uploads/seeder/555cbe262b36dea84905c0d025bc0a4807d82fb82430a37c38769b3dc95de509.webp,admin-uploads/seeder/555cbe262b36dea84905c0d025bc0a4807d82fb82430a37c38769b3dc95de509,cd4690a74fdcd72a13216287a2142cbda9f33be5a8166f68aeaa5b377c27b4fe,555cbe262b36dea84905c0d025bc0a4807d82fb82430a37c38769b3dc95de509,609848,300054,1620,1043,verified,2026-10-04T15:33:49.581Z
https://upload.wikimedia.org/wikipedia/commons/f/f3/PhoCoHoiAn.jpg,https://res.cloudinary.com/p1kxfhlw/image/upload/v1791128030/admin-uploads/seeder/1e70bcfe027f9753a8ba674d6af4ea947b8a561baf6851067d9a5cde901c7caf.webp,admin-uploads/seeder/1e70bcfe027f9753a8ba674d6af4ea947b8a561baf6851067d9a5cde901c7caf,01729a0959adab9db4332b9eb5f5e79515b1e3d3574e31d2e6e9be937b9c0e9c,1e70bcfe027f9753a8ba674d6af4ea947b8a561baf6851067d9a5cde901c7caf,460428,76644,850,563,verified,2026-10-04T15:33:51.366Z
https://upload.wikimedia.org/wikipedia/commons/8/88/ThienMuPagoda.jpg,https://res.cloudinary.com/p1kxfhlw/image/upload/v1791128032/admin-uploads/seeder/6ee9886a6369dfefc52cf62644407c744dcd5d55716ba61118499b5815195d93.webp,admin-uploads/seeder/6ee9886a6369dfefc52cf62644407c744dcd5d55716ba61118499b5815195d93,083420b2fc4c30a2d29d075f4de712b6a19bf264b505a20e4f7ac2981ae0995b,6ee9886a6369dfefc52cf62644407c744dcd5d55716ba61118499b5815195d93,7969694,699856,1920,2560,verified,2026-10-04T15:33:53.675Z
https://upload.wikimedia.org/wikipedia/commons/5/5a/Hon_Mun_island_%28H%C3%B2n_Mun%29%2C_Cam_Ranh%2C_Nha_Trang%2C_Vi%E1%BB%87t_Nam_20140518_105634_%28taken_with_Samsung_Galaxy_Note_3%29.jpg,https://res.cloudinary.com/p1kxfhlw/image/upload/v1791128037/admin-uploads/seeder/762836385b33b46babcf56b152723490e0d4479ad850b360f6072c4d61d9db9f.webp,admin-uploads/seeder/762836385b33b46babcf56b152723490e0d4479ad850b360f6072c4d61d9db9f,2f9c67139b347bcaae14615d726c90cf2b6f5198e466500db2e0fbccac78bb9e,762836385b33b46babcf56b152723490e0d4479ad850b360f6072c4d61d9db9f,4838338,962994,2560,1440,verified,2026-10-04T15:33:59.398Z
https://upload.wikimedia.org/wikipedia/commons/0/06/%C4%90%E1%BA%A3o_C%C3%B9_Lao_Ch%C3%A0m_g%C3%B3c_nh%C3%ACn_t%E1%BB%AB_Cano.jpg,https://res.cloudinary.com/p1kxfhlw/image/upload/v1791128040/admin-uploads/seeder/d594ae2a18560cfc7a6a6b9f21885d6045abe86a1962a0e89046499a8c0ba9dd.webp,admin-uploads/seeder/d594ae2a18560cfc7a6a6b9f21885d6045abe86a1962a0e89046499a8c0ba9dd,1b3eb2202c7c534c382ea3fb659f6bf768ee20eae38662d462b46aafabf4946a,d594ae2a18560cfc7a6a6b9f21885d6045abe86a1962a0e89046499a8c0ba9dd,6100239,334222,1440,2560,verified,2026-10-04T15:34:02.015Z
https://upload.wikimedia.org/wikipedia/commons/0/07/2024_-_M%E1%BB%B9_S%C6%A1n_Group_B%2C_C_and_D_-_img_23.jpg,https://res.cloudinary.com/p1kxfhlw/image/upload/v1791128048/admin-uploads/seeder/cf505900f0ede71f5ff8bc2a9aba65bf87f914101def19f3c412ce8b11a4ca8f.webp,admin-uploads/seeder/cf505900f0ede71f5ff8bc2a9aba65bf87f914101def19f3c412ce8b11a4ca8f,1e98fddb7565a33781f99abb4ef05c6c3a06ea1e026a36bfdf40786ea4f36a38,cf505900f0ede71f5ff8bc2a9aba65bf87f914101def19f3c412ce8b11a4ca8f,13113886,1197124,2560,1920,verified,2026-10-04T15:34:11.037Z
https://upload.wikimedia.org/wikipedia/commons/e/ed/Vinpearl_Phu_Quoc_%2849355608416%29.jpg,https://res.cloudinary.com/p1kxfhlw/image/upload/v1791128051/admin-uploads/seeder/346b19b90124348ede5a30cc63d1e71fcb5e26ee2d9f9565210570a6ed3c1839.webp,admin-uploads/seeder/346b19b90124348ede5a30cc63d1e71fcb5e26ee2d9f9565210570a6ed3c1839,1e9790e0948b06548982089eb471e39ac691240a4dd80a42e21284338b2cb9c9,346b19b90124348ede5a30cc63d1e71fcb5e26ee2d9f9565210570a6ed3c1839,8987617,1253506,2560,1920,verified,2026-10-04T15:34:13.099Z
https://upload.wikimedia.org/wikipedia/commons/d/df/2023-07-30_Grand_World_Ph%C3%BA_Qu%E1%BB%91c_203427.jpg,https://res.cloudinary.com/p1kxfhlw/image/upload/v1791128055/admin-uploads/seeder/9781693eb5862df59d58b3a2060bbd35fb75d432ee7cfad77680e2f535982e1c.webp,admin-uploads/seeder/9781693eb5862df59d58b3a2060bbd35fb75d432ee7cfad77680e2f535982e1c,58ad42767a8b9770112a88e2b68681d7930ce4bddb277c1f6c6a46999f525fcb,9781693eb5862df59d58b3a2060bbd35fb75d432ee7cfad77680e2f535982e1c,385004,212688,2560,1440,verified,2026-10-04T15:34:16.589Z
https://upload.wikimedia.org/wikipedia/commons/f/f5/B%C3%A3i_%C4%91%C3%A1_m%E1%BA%B7t_tr%C4%83ng_%C4%90%E1%BB%93ng_V%C4%83n_-_NKS.jpg,https://res.cloudinary.com/p1kxfhlw/image/upload/v1791128064/admin-uploads/seeder/276bbac54661d34b16d537e1160d3bdb885617661c31fcba4ff3b6149b51bbd6.webp,admin-uploads/seeder/276bbac54661d34b16d537e1160d3bdb885617661c31fcba4ff3b6149b51bbd6,f84adc1c410052d5d307f16115bc9ad6d7a45885a9891805fa8b801aed049213,276bbac54661d34b16d537e1160d3bdb885617661c31fcba4ff3b6149b51bbd6,14924972,790974,2560,1440,verified,2026-10-04T15:34:26.308Z
https://upload.wikimedia.org/wikipedia/commons/b/bc/Phu_Quoc%2C_Viet_Nam.jpg,https://res.cloudinary.com/p1kxfhlw/image/upload/v1791128065/admin-uploads/seeder/d7151d6c154176e6e750b9beee49d53bf17ff4cde72772350487e90ed10edded.webp,admin-uploads/seeder/d7151d6c154176e6e750b9beee49d53bf17ff4cde72772350487e90ed10edded,71d754a051e205eee2ef8608a836e368001cf337ebcd98f2f7300fd8a06b0255,d7151d6c154176e6e750b9beee49d53bf17ff4cde72772350487e90ed10edded,10128180,1008026,2560,1707,verified,2026-10-04T15:34:26.900Z
https://upload.wikimedia.org/wikipedia/commons/a/a2/Quanba.jpg,https://res.cloudinary.com/p1kxfhlw/image/upload/v1791128067/admin-uploads/seeder/e48b8fed1971cf3182bfcfe5f804c97aec3c80b86d4af381f2370044df0e82bf.webp,admin-uploads/seeder/e48b8fed1971cf3182bfcfe5f804c97aec3c80b86d4af381f2370044df0e82bf,1b82580fa9a9774e4694f1e303b9766b3b568830834fb1ff2013b7a8b13f4b90,e48b8fed1971cf3182bfcfe5f804c97aec3c80b86d4af381f2370044df0e82bf,460309,101558,680,453,verified,2026-10-04T15:34:28.150Z
https://upload.wikimedia.org/wikipedia/commons/0/08/Muaxuantamcoc.jpg,https://res.cloudinary.com/p1kxfhlw/image/upload/v1791128068/admin-uploads/seeder/b0ec32acfd389faab8be0ac25130ebc9fad03f8afe271d3e8b8b92efbbdb83e6.webp,admin-uploads/seeder/b0ec32acfd389faab8be0ac25130ebc9fad03f8afe271d3e8b8b92efbbdb83e6,aa165aaba730174ee27fc218c8adac0c1adbf4d675c021be9e24e2767ee388fe,b0ec32acfd389faab8be0ac25130ebc9fad03f8afe271d3e8b8b92efbbdb83e6,175670,101844,760,496,verified,2026-10-04T15:34:29.313Z
https://upload.wikimedia.org/wikipedia/commons/b/b2/Chua_Bai_Dinh_X8.JPG,https://res.cloudinary.com/p1kxfhlw/image/upload/v1791128072/admin-uploads/seeder/588791981a352910f62bd16758258db254161b8c8a6ae58ab6178571760de13d.webp,admin-uploads/seeder/588791981a352910f62bd16758258db254161b8c8a6ae58ab6178571760de13d,ac6fe5066ad9127908be0e722472d6475b78dbfaf1629c2a11f7e54ef6acb61e,588791981a352910f62bd16758258db254161b8c8a6ae58ab6178571760de13d,2885772,1025760,2560,1718,verified,2026-10-04T15:34:33.816Z
https://upload.wikimedia.org/wikipedia/commons/f/f8/Mausoleum_of_Hung_King.JPG,https://res.cloudinary.com/p1kxfhlw/image/upload/v1791128073/admin-uploads/seeder/20b9bd06603fbd4798f0a9c9b078937792d67c9f93b70ca3cb057b3a41fec56f.webp,admin-uploads/seeder/20b9bd06603fbd4798f0a9c9b078937792d67c9f93b70ca3cb057b3a41fec56f,65d6a25d4697ae3ad931a4b3ad09e90d2959926f0bb4d5c069837114f857c0ab,20b9bd06603fbd4798f0a9c9b078937792d67c9f93b70ca3cb057b3a41fec56f,3778022,1069818,1920,2560,verified,2026-10-04T15:34:35.230Z
https://images.unsplash.com/photo-1432405972618-c60b0225b8f9?w=1200,https://res.cloudinary.com/p1kxfhlw/image/upload/v1791128077/admin-uploads/seeder/75001879914715c09942dc9be40f336e738251a717644cbae7062ce593ce8cc7.webp,admin-uploads/seeder/75001879914715c09942dc9be40f336e738251a717644cbae7062ce593ce8cc7,86206d0f532614539188f9f883e6afa53bfcae61296b69966211cc727fe54144,75001879914715c09942dc9be40f336e738251a717644cbae7062ce593ce8cc7,365223,299926,1200,800,verified,2026-10-04T15:34:38.089Z
https://upload.wikimedia.org/wikipedia/commons/c/c4/Xuan_Son.JPG,https://res.cloudinary.com/p1kxfhlw/image/upload/v1791128077/admin-uploads/seeder/bb57c4556cd946a4f2e3eb1b28e26db0da636e4de661a736321d28fd1a9dd419.webp,admin-uploads/seeder/bb57c4556cd946a4f2e3eb1b28e26db0da636e4de661a736321d28fd1a9dd419,606234dd9495e2e6dba4cef71407804cf539a2d059256c765749a9351aeafb7e,bb57c4556cd946a4f2e3eb1b28e26db0da636e4de661a736321d28fd1a9dd419,1936449,814320,2560,1920,verified,2026-10-04T15:34:39.555Z
https://upload.wikimedia.org/wikipedia/commons/a/a6/V%C3%A0o_%C4%91%E1%BB%99ng_Phong_Nha.jpg,https://res.cloudinary.com/p1kxfhlw/image/upload/v1791128082/admin-uploads/seeder/f5e3b0449398cf395edaa853ae0a1b7de39ff6886951ee4bd3fbb332af83edc0.webp,admin-uploads/seeder/f5e3b0449398cf395edaa853ae0a1b7de39ff6886951ee4bd3fbb332af83edc0,ce5eac02ce7dfbddb957a054ba9c8caf2b70f2a1be47985767c1bd5c6166ac77,f5e3b0449398cf395edaa853ae0a1b7de39ff6886951ee4bd3fbb332af83edc0,2484834,1280912,1920,2560,verified,2026-10-04T15:34:43.936Z
https://upload.wikimedia.org/wikipedia/commons/b/b4/Son_Doong_Cave_by_Daniel_Burka.jpg,https://res.cloudinary.com/p1kxfhlw/image/upload/v1791128084/admin-uploads/seeder/713e7dacef4f2ab0c7f065886d17f4c10d506baec61fc8fc4f9ecb084dadfe9a.webp,admin-uploads/seeder/713e7dacef4f2ab0c7f065886d17f4c10d506baec61fc8fc4f9ecb084dadfe9a,bc8a6c018e82bc9b4b852596ecb78874e2ea4912cd393436427bbd58080cd857,713e7dacef4f2ab0c7f065886d17f4c10d506baec61fc8fc4f9ecb084dadfe9a,1210486,121000,1707,2560,verified,2026-10-04T15:34:45.231Z
https://upload.wikimedia.org/wikipedia/commons/5/52/Eo_Gi%C3%B3_-_Nh%C6%A1n_L%C3%BD.jpg,https://res.cloudinary.com/p1kxfhlw/image/upload/v1791128088/admin-uploads/seeder/d27a1ca63d0865fcf0334ebc578fb2df11c73b441acc26ec37e21a11956735ba.webp,admin-uploads/seeder/d27a1ca63d0865fcf0334ebc578fb2df11c73b441acc26ec37e21a11956735ba,291de78eb06e1af17aa3aefc672defae20d652fed350cd2134a54b8bfabdc152,d27a1ca63d0865fcf0334ebc578fb2df11c73b441acc26ec37e21a11956735ba,6073365,808120,2560,1372,verified,2026-10-04T15:34:50.930Z
https://upload.wikimedia.org/wikipedia/commons/f/f5/Ky_Co_-_Nhon_Ly_-_Quy_Nhon_-_Binh_Dinh_-_Viet_Nam.jpg,https://res.cloudinary.com/p1kxfhlw/image/upload/v1791128090/admin-uploads/seeder/7def2bf964c5f25e45cbfd5f901527e66736aed6d92258b0beaaf3e284f42bef.webp,admin-uploads/seeder/7def2bf964c5f25e45cbfd5f901527e66736aed6d92258b0beaaf3e284f42bef,067eb670d8df13fc5e427196fe5ffddec4c00d6ec84e618202cd2e2726276e7b,7def2bf964c5f25e45cbfd5f901527e66736aed6d92258b0beaaf3e284f42bef,7661247,470188,2560,1707,verified,2026-10-04T15:34:52.268Z
https://upload.wikimedia.org/wikipedia/commons/6/6f/V%E1%BB%8Bnh_V%C5%A9ng_R%C3%B4.jpg,https://res.cloudinary.com/p1kxfhlw/image/upload/v1791128095/admin-uploads/seeder/74a27fad61847d564e6dde11ebfdffd974ea30a0b499396c88a04dd8dfeadb10.webp,admin-uploads/seeder/74a27fad61847d564e6dde11ebfdffd974ea30a0b499396c88a04dd8dfeadb10,400d97eff35623d8f6bba511f9a9d12d8c09c25d65e0abab3f71969ec2f39278,74a27fad61847d564e6dde11ebfdffd974ea30a0b499396c88a04dd8dfeadb10,1940939,717492,2560,1920,verified,2026-10-04T15:34:58.101Z
https://upload.wikimedia.org/wikipedia/commons/0/00/G%C3%A0nh_%C4%90%C3%A1_%C4%90%C4%A9a_-_Ph%C3%BA_Y%C3%AAn.jpg,https://res.cloudinary.com/p1kxfhlw/image/upload/v1791128097/admin-uploads/seeder/81d0f76a7c8e1ecb0ec0c0e761a233db8c62ca1e1ec66f7bd215605112385899.webp,admin-uploads/seeder/81d0f76a7c8e1ecb0ec0c0e761a233db8c62ca1e1ec66f7bd215605112385899,29333234d21bd1723d46685db3ae43410635820125bd9cc9e2cf38ebfc894f17,81d0f76a7c8e1ecb0ec0c0e761a233db8c62ca1e1ec66f7bd215605112385899,8114247,1005576,2560,1707,verified,2026-10-04T15:35:00.139Z
https://upload.wikimedia.org/wikipedia/commons/2/2e/Vietnam%2C_Mui_Ne_sand_dune.jpg,https://res.cloudinary.com/p1kxfhlw/image/upload/v1791128102/admin-uploads/seeder/2931eb18e4c1572388ce1f6003b817dd9c96b7ba58e1b4dbacefdc99c0bc1299.webp,admin-uploads/seeder/2931eb18e4c1572388ce1f6003b817dd9c96b7ba58e1b4dbacefdc99c0bc1299,277594f0c208df3d126f0687c501a5a0f97e124af7001ca2cc3e2a9e8999a391,2931eb18e4c1572388ce1f6003b817dd9c96b7ba58e1b4dbacefdc99c0bc1299,3861119,113812,2560,1707,verified,2026-10-04T15:35:03.765Z
https://upload.wikimedia.org/wikipedia/commons/f/ff/H%C3%B2n_R%C6%A1m.jpg,https://res.cloudinary.com/p1kxfhlw/image/upload/v1791128104/admin-uploads/seeder/55998f6b5dac6a7681d0618e866a81e1af9fdab49e5f3d0f3bd8710f458ad2ac.webp,admin-uploads/seeder/55998f6b5dac6a7681d0618e866a81e1af9fdab49e5f3d0f3bd8710f458ad2ac,bab2c519a1ff7094a778d8adc17079e922c8b79fc01fa7d1157d9de773d8b21b,55998f6b5dac6a7681d0618e866a81e1af9fdab49e5f3d0f3bd8710f458ad2ac,1456895,391676,2560,1920,verified,2026-10-04T15:35:05.499Z
https://upload.wikimedia.org/wikipedia/commons/9/96/B%C3%A0u_Tr%E1%BA%AFng_%2828680306740%29.jpg,https://res.cloudinary.com/p1kxfhlw/image/upload/v1791128108/admin-uploads/seeder/26a63e36e8b8c08e35d6cf53b950dc735dad6cfc3838bb85dfcb7f1bee420f11.webp,admin-uploads/seeder/26a63e36e8b8c08e35d6cf53b950dc735dad6cfc3838bb85dfcb7f1bee420f11,915f2c04bb6746eff960ee9e05424608bb612736208b5c38417dae44be37a5b3,26a63e36e8b8c08e35d6cf53b950dc735dad6cfc3838bb85dfcb7f1bee420f11,5004210,157984,2560,1440,verified,2026-10-04T15:35:09.899Z
https://upload.wikimedia.org/wikipedia/commons/d/dc/%C4%90%C3%A8o_M%C3%A3_P%C3%AD_L%C3%A8ng_2022.jpg,https://res.cloudinary.com/p1kxfhlw/image/upload/v1791128112/admin-uploads/seeder/87e96fc83ea904035e43bd2d13084637fdd7f6fa122019cb7d9170d8e0f73b59.webp,admin-uploads/seeder/87e96fc83ea904035e43bd2d13084637fdd7f6fa122019cb7d9170d8e0f73b59,488d17b444a812d20cbee16838ac720d0ca6b1f8dfe9588218dbaba97399f5a8,87e96fc83ea904035e43bd2d13084637fdd7f6fa122019cb7d9170d8e0f73b59,14571466,192316,2560,1707,verified,2026-10-04T15:35:13.630Z
https://upload.wikimedia.org/wikipedia/commons/3/3e/Statue_of_Jesus_in_Vungtau.jpg,https://res.cloudinary.com/p1kxfhlw/image/upload/v1791128115/admin-uploads/seeder/e2eed9b9ad5113a6ffbb6c79d755d0c6a083330c2c7e57eb0783c8a31db0c2b8.webp,admin-uploads/seeder/e2eed9b9ad5113a6ffbb6c79d755d0c6a083330c2c7e57eb0783c8a31db0c2b8,698016343a97ac3d48f613cb302be72264327d028d1a1da82696121821af3b2d,e2eed9b9ad5113a6ffbb6c79d755d0c6a083330c2c7e57eb0783c8a31db0c2b8,3133451,567790,2560,1707,verified,2026-10-04T15:35:18.295Z
https://upload.wikimedia.org/wikipedia/commons/f/ff/B%C3%A3i_sau%2C_V%C5%A9ng_T%C3%A0u%2C_02_2014.JPG,https://res.cloudinary.com/p1kxfhlw/image/upload/v1791128120/admin-uploads/seeder/d2569fd2802d759fcd78d6e784d5db353da0e0e996a685a25e4939c3d966b2c4.webp,admin-uploads/seeder/d2569fd2802d759fcd78d6e784d5db353da0e0e996a685a25e4939c3d966b2c4,56d743d938bb5703af031f17038eb7a5eca50482397a8ab2734723c5b11a1c5d,d2569fd2802d759fcd78d6e784d5db353da0e0e996a685a25e4939c3d966b2c4,6233694,280050,2560,1701,verified,2026-10-04T15:35:22.169Z
https://upload.wikimedia.org/wikipedia/commons/6/62/M%E1%BB%99t_c%E1%BA%A3nh_%E1%BB%9F_ch%E1%BB%A3_n%E1%BB%95i_C%C3%A1i_R%C4%83ng.jpg,https://res.cloudinary.com/p1kxfhlw/image/upload/v1791128123/admin-uploads/seeder/cf86386c407410dc4d50bd93db85a2216e7f7287bb7112c305d93bf7dbb23f8c.webp,admin-uploads/seeder/cf86386c407410dc4d50bd93db85a2216e7f7287bb7112c305d93bf7dbb23f8c,5302de59b845460bcbb8a37e322b4e4bcf3f9a379d4816bcdcbddfcc0451e6ef,cf86386c407410dc4d50bd93db85a2216e7f7287bb7112c305d93bf7dbb23f8c,2445006,438620,2560,1718,verified,2026-10-04T15:35:25.411Z
https://upload.wikimedia.org/wikipedia/commons/4/4a/Khu_du_l%E1%BB%8Bch_M%E1%BB%B9_Kh%C3%A1nh.jpg,https://res.cloudinary.com/p1kxfhlw/image/upload/v1791128129/admin-uploads/seeder/7e35892a143551abba0b245ca8ab010bdd621a08eca64fcc6e5c3f755ed03c50.webp,admin-uploads/seeder/7e35892a143551abba0b245ca8ab010bdd621a08eca64fcc6e5c3f755ed03c50,55e09ab3c966e8eb9074bd76a1e576a90d33222fe27618586ed9210ee0074416,7e35892a143551abba0b245ca8ab010bdd621a08eca64fcc6e5c3f755ed03c50,4224881,922054,2560,1920,verified,2026-10-04T15:35:31.559Z
https://upload.wikimedia.org/wikipedia/commons/4/43/T%C3%A0u_du_l%E1%BB%8Bch_gh%C3%A9_c%E1%BB%93n_L%C3%A2n.jpg,https://res.cloudinary.com/p1kxfhlw/image/upload/v1791128133/admin-uploads/seeder/d5a4ddc05cdc822d3ab9ec50d5ffe104e38a79fb62e76135b2a686915b2f16db.webp,admin-uploads/seeder/d5a4ddc05cdc822d3ab9ec50d5ffe104e38a79fb62e76135b2a686915b2f16db,ff628735805928966a76781f26a0f5d7a3bf6e542d3437b1c1c470d43b708b9a,d5a4ddc05cdc822d3ab9ec50d5ffe104e38a79fb62e76135b2a686915b2f16db,2264431,454436,2560,1920,verified,2026-10-04T15:35:34.739Z
https://upload.wikimedia.org/wikipedia/commons/7/72/C%E1%BB%93n_Ph%E1%BB%A5ng.jpg,https://res.cloudinary.com/p1kxfhlw/image/upload/v1791128137/admin-uploads/seeder/919ce0914e3da5ac28086519636598c6702a584b79ba4053a204ca9b7c990f0a.webp,admin-uploads/seeder/919ce0914e3da5ac28086519636598c6702a584b79ba4053a204ca9b7c990f0a,d717da8a30778a7139ffa3d354d3446c6da8c2622285ba5d91e05e0f85e3363b,919ce0914e3da5ac28086519636598c6702a584b79ba4053a204ca9b7c990f0a,1552836,589794,2560,1920,verified,2026-10-04T15:35:38.778Z
https://upload.wikimedia.org/wikipedia/commons/f/fb/Annamite_range_pu_mat_2007_05.jpg,https://res.cloudinary.com/p1kxfhlw/image/upload/v1791128141/admin-uploads/seeder/e382bb2bde3c94961de8fbf2a992cf7c2abbb983a2c8a1802ce9c6a92ed8d1f9.webp,admin-uploads/seeder/e382bb2bde3c94961de8fbf2a992cf7c2abbb983a2c8a1802ce9c6a92ed8d1f9,1d46762eb479bc13702aa746b7a8a22c7094992222a0974876344660f26c691c,e382bb2bde3c94961de8fbf2a992cf7c2abbb983a2c8a1802ce9c6a92ed8d1f9,309591,211764,1600,1064,verified,2026-10-04T15:35:42.519Z
https://upload.wikimedia.org/wikipedia/commons/7/79/20190924_Ben_Tre_river_boat-1.jpg,https://res.cloudinary.com/p1kxfhlw/image/upload/v1791128145/admin-uploads/seeder/e820bf5e6e5c507242adef170dfd4e609900341d01e3b106f382ddbd5080eaa1.webp,admin-uploads/seeder/e820bf5e6e5c507242adef170dfd4e609900341d01e3b106f382ddbd5080eaa1,bfb0478ad5d6bdeb1b9deb55d242f2ec2bab1e9fbe3bbedd0184a036a230bec5,e820bf5e6e5c507242adef170dfd4e609900341d01e3b106f382ddbd5080eaa1,12380921,615198,2560,1707,verified,2026-10-04T15:35:46.737Z
https://upload.wikimedia.org/wikipedia/commons/9/9a/Cua_Lo_Beach.jpg,https://res.cloudinary.com/p1kxfhlw/image/upload/v1791128147/admin-uploads/seeder/02d3fbe645770ce2c980c72641b10aa37478141eac45ce1387284b3d1d2cbeb3.webp,admin-uploads/seeder/02d3fbe645770ce2c980c72641b10aa37478141eac45ce1387284b3d1d2cbeb3,7c7fa61372987e8315d3db76e7bcda2ce6c447df256bdf6e3c2e748761ce9b69,02d3fbe645770ce2c980c72641b10aa37478141eac45ce1387284b3d1d2cbeb3,309444,390274,2560,1440,verified,2026-10-04T15:35:49.247Z
https://upload.wikimedia.org/wikipedia/commons/4/4f/QD_Catba2.jpg,https://res.cloudinary.com/p1kxfhlw/image/upload/v1791128154/admin-uploads/seeder/29bb0a9bddc240a3d068b6267fb4b2e0e0a5c304c10840e85e8106a4e21d355f.webp,admin-uploads/seeder/29bb0a9bddc240a3d068b6267fb4b2e0e0a5c304c10840e85e8106a4e21d355f,6ea30888f2e67882464daccf380915a81b97edcc24482932d0bdede12d2e311d,29bb0a9bddc240a3d068b6267fb4b2e0e0a5c304c10840e85e8106a4e21d355f,1070007,440372,2560,1799,verified,2026-10-04T15:35:56.367Z
https://upload.wikimedia.org/wikipedia/commons/d/da/B%C3%A3i_%C4%90%C3%A1_Tr%E1%BB%A9ng.jpg,https://res.cloudinary.com/p1kxfhlw/image/upload/v1791128156/admin-uploads/seeder/a3e47a1876d7b061fef8223992b0000f7a246630964b32c96ea6142f2382e821.webp,admin-uploads/seeder/a3e47a1876d7b061fef8223992b0000f7a246630964b32c96ea6142f2382e821,72bb41002e2bdc1acdac3a0660330dfc902baef512e24681b3077a16aceab93b,a3e47a1876d7b061fef8223992b0000f7a246630964b32c96ea6142f2382e821,8723518,1028092,2560,1920,verified,2026-10-04T15:35:58.243Z
https://upload.wikimedia.org/wikipedia/commons/f/fa/Lan_Ha_Bay.JPG,https://res.cloudinary.com/p1kxfhlw/image/upload/v1791128159/admin-uploads/seeder/c0a1a5be60a589d9ddfc674bdcfebea11491527c4c7d4228c47ff92249392af8.webp,admin-uploads/seeder/c0a1a5be60a589d9ddfc674bdcfebea11491527c4c7d4228c47ff92249392af8,9096f1a07879e7eeda11a63ad336a5cb15638fbe84808037436954ba92eceec1,c0a1a5be60a589d9ddfc674bdcfebea11491527c4c7d4228c47ff92249392af8,235625,121444,1024,768,verified,2026-10-04T15:36:00.611Z
https://upload.wikimedia.org/wikipedia/commons/b/b8/B%C3%A3i_bi%E1%BB%83n_S%E1%BA%A7m_S%C6%A1n_2.jpg,https://res.cloudinary.com/p1kxfhlw/image/upload/v1791128160/admin-uploads/seeder/276db0e5654ded75d024b9310e6920394fc967f0eea55ab2013cf452097461d4.webp,admin-uploads/seeder/276db0e5654ded75d024b9310e6920394fc967f0eea55ab2013cf452097461d4,6b1242608992218612ff5dab1d40b2c37c138e245e26955282458effa4e8980c,276db0e5654ded75d024b9310e6920394fc967f0eea55ab2013cf452097461d4,3803404,479508,2560,1417,verified,2026-10-04T15:36:01.529Z
https://upload.wikimedia.org/wikipedia/commons/7/70/Dien_Bien_Phu_Airport.JPG,https://res.cloudinary.com/p1kxfhlw/image/upload/v1791128162/admin-uploads/seeder/d7b86185f898316b2c7cc3aeb822e85f0f99991c721793c00939fe68f77c52f3.webp,admin-uploads/seeder/d7b86185f898316b2c7cc3aeb822e85f0f99991c721793c00939fe68f77c52f3,f4da47c2540dc3fa7d886dab51f9537d11403b9506eb13c61be3dc692d39ad95,d7b86185f898316b2c7cc3aeb822e85f0f99991c721793c00939fe68f77c52f3,484724,263466,2112,1000,verified,2026-10-04T15:36:03.374Z
https://upload.wikimedia.org/wikipedia/commons/8/8f/Dien_Bien_Phu_Airport_aux1.JPG,https://res.cloudinary.com/p1kxfhlw/image/upload/v1791128163/admin-uploads/seeder/d289eb785e9b1b1d3573cb5f8c134229ea0ceb009f6893badec4374cdb559383.webp,admin-uploads/seeder/d289eb785e9b1b1d3573cb5f8c134229ea0ceb009f6893badec4374cdb559383,5afbe25a3876617e849a0fe38610b731f6646260f580b7b7c85c42b0bab9a91a,d289eb785e9b1b1d3573cb5f8c134229ea0ceb009f6893badec4374cdb559383,472462,207304,1920,1280,verified,2026-10-04T15:36:04.719Z
https://upload.wikimedia.org/wikipedia/commons/c/c2/H%E1%BB%93_%C4%90%E1%BB%A9c_An.jpg,https://res.cloudinary.com/p1kxfhlw/image/upload/v1791128164/admin-uploads/seeder/abf33653bb8ff3e44bb064c0534fc178645a214e383c19a62d8e66274fe97125.webp,admin-uploads/seeder/abf33653bb8ff3e44bb064c0534fc178645a214e383c19a62d8e66274fe97125,7d611c61551e87167644ed09212b2a2d495ec2771877f251c75e987279073ef2,abf33653bb8ff3e44bb064c0534fc178645a214e383c19a62d8e66274fe97125,188951,172106,900,600,verified,2026-10-04T15:36:05.764Z
https://upload.wikimedia.org/wikipedia/commons/9/9a/Lak_Lake.jpg,https://res.cloudinary.com/p1kxfhlw/image/upload/v1791128165/admin-uploads/seeder/ac236fadc8cbe29a9dbc94fe40d3c6bb3da496ee209ea033b89ef8bb6e7979a1.webp,admin-uploads/seeder/ac236fadc8cbe29a9dbc94fe40d3c6bb3da496ee209ea033b89ef8bb6e7979a1,8a3b0d6d307a31896455a736eaef27d251367af6e8d287edc09d97c3e1a46d11,ac236fadc8cbe29a9dbc94fe40d3c6bb3da496ee209ea033b89ef8bb6e7979a1,157827,63290,1024,768,verified,2026-10-04T15:36:06.728Z
https://upload.wikimedia.org/wikipedia/commons/6/6f/Tr%C3%AAn_cao_nguy%C3%AAn_%C4%90%E1%BA%AFk_L%E1%BA%AFk.JPG,https://res.cloudinary.com/p1kxfhlw/image/upload/v1791128168/admin-uploads/seeder/2f2afea3f19397f6f3ddc41272747f6674b71a25dd6a17cd733d28936433bc05.webp,admin-uploads/seeder/2f2afea3f19397f6f3ddc41272747f6674b71a25dd6a17cd733d28936433bc05,5084d4ca83a8e4d44a207b8709aac538bf61c8ebf38186478d1121cbb3d27fa2,2f2afea3f19397f6f3ddc41272747f6674b71a25dd6a17cd733d28936433bc05,2308986,442798,2560,1584,verified,2026-10-04T15:36:10.171Z
https://upload.wikimedia.org/wikipedia/commons/f/f4/Th%E1%BB%8B_tr%E1%BA%A5n_M%C4%83ng_%C4%90en.jpg,https://res.cloudinary.com/p1kxfhlw/image/upload/v1791128169/admin-uploads/seeder/7f82f3b651914eb1f6cb777de6a0bd717f2ddc086cdb4497c78362c7a8eb33d6.webp,admin-uploads/seeder/7f82f3b651914eb1f6cb777de6a0bd717f2ddc086cdb4497c78362c7a8eb33d6,eb9e83d3747efed3872fb10ee804f82929708fb324a5e3bc7879683fe6f5d2b3,7f82f3b651914eb1f6cb777de6a0bd717f2ddc086cdb4497c78362c7a8eb33d6,763944,516870,2256,1208,verified,2026-10-04T15:36:10.521Z
https://images.unsplash.com/photo-1528127269322-539801943592?q=80&w=800,https://res.cloudinary.com/p1kxfhlw/image/upload/v1791128171/admin-uploads/seeder/0eb4f1787fc6d01cd4ddc95c8e58b8791a8f4c0677075ecb9176d0bdc9967cf4.webp,admin-uploads/seeder/0eb4f1787fc6d01cd4ddc95c8e58b8791a8f4c0677075ecb9176d0bdc9967cf4,13298d2b135dbc45f581ddd5e21f85d19ed3562478e2dad98cbc19773c3a38e5,0eb4f1787fc6d01cd4ddc95c8e58b8791a8f4c0677075ecb9176d0bdc9967cf4,93388,71038,800,533,verified,2026-10-04T15:36:12.776Z
https://images.unsplash.com/photo-1509316975850-ff9c5deb0cd9?q=80&w=800,https://res.cloudinary.com/p1kxfhlw/image/upload/v1791128173/admin-uploads/seeder/ea97903c9eabdead36df9eaed6f607234e6d71554a6664e56e00fbbeb0bbae3a.webp,admin-uploads/seeder/ea97903c9eabdead36df9eaed6f607234e6d71554a6664e56e00fbbeb0bbae3a,728ccadc1660881e9d773ef196734d45a57d2bf88b8ff20d7dd5c8a34d609809,ea97903c9eabdead36df9eaed6f607234e6d71554a6664e56e00fbbeb0bbae3a,110866,51764,800,1200,verified,2026-10-04T15:36:14.945Z
https://upload.wikimedia.org/wikipedia/commons/7/7b/%C4%90%E1%BA%A1i_Nam_c%E1%BB%95ng_ch%C3%A0o_1.JPG,https://res.cloudinary.com/p1kxfhlw/image/upload/v1791128174/admin-uploads/seeder/f97877a76a9cb7c24d20bfebd39b0bc28bf7c9efb6f8f3ecbf75c7428a4da1d3.webp,admin-uploads/seeder/f97877a76a9cb7c24d20bfebd39b0bc28bf7c9efb6f8f3ecbf75c7428a4da1d3,3fa458f7316b66d576f2941912c015fdd107eab57de3d3b0189f75bc44491b7e,f97877a76a9cb7c24d20bfebd39b0bc28bf7c9efb6f8f3ecbf75c7428a4da1d3,12061878,822012,2560,1707,verified,2026-10-04T15:36:16.645Z
https://images.unsplash.com/photo-1537996194471-e657df975ab4?q=80&w=800,https://res.cloudinary.com/p1kxfhlw/image/upload/v1791128175/admin-uploads/seeder/fbea76aeab77e6909e1eb5e791668c26ec1bdcdf09f0f0bd85684b2fc9e8af82.webp,admin-uploads/seeder/fbea76aeab77e6909e1eb5e791668c26ec1bdcdf09f0f0bd85684b2fc9e8af82,f4c0c1c57670f1a7e2b075ea9feb856ad3219f63fb298d481523cf4caaba035e,fbea76aeab77e6909e1eb5e791668c26ec1bdcdf09f0f0bd85684b2fc9e8af82,126743,81882,800,1062,verified,2026-10-04T15:36:16.660Z
https://images.unsplash.com/photo-1542314831-068cd1dbfeeb?q=80&w=800,https://res.cloudinary.com/p1kxfhlw/image/upload/v1791128177/admin-uploads/seeder/8a30d682e33bbe0ad6a37114c5ec57394b2c07f8d186c25217d48f45565aac3c.webp,admin-uploads/seeder/8a30d682e33bbe0ad6a37114c5ec57394b2c07f8d186c25217d48f45565aac3c,cdde7b8943a1bcb48f48791bd276c4a7212f650664fdaf532571937bc0c56431,8a30d682e33bbe0ad6a37114c5ec57394b2c07f8d186c25217d48f45565aac3c,78779,50812,800,533,verified,2026-10-04T15:36:18.251Z
https://images.unsplash.com/photo-1566073771259-6a8506099945?q=80&w=800,https://res.cloudinary.com/p1kxfhlw/image/upload/v1791128177/admin-uploads/seeder/25f80c40675c7d2df8484617278a11b54f3152dee15f8e4aaebdd2a4911bbc03.webp,admin-uploads/seeder/25f80c40675c7d2df8484617278a11b54f3152dee15f8e4aaebdd2a4911bbc03,f1f3bd86c97b2734e90b998d4c7bdf40d46e189716341ad82ca30f5174be3fcb,25f80c40675c7d2df8484617278a11b54f3152dee15f8e4aaebdd2a4911bbc03,114455,96734,800,533,verified,2026-10-04T15:36:18.724Z
https://images.unsplash.com/photo-1582719508461-905c673771fd?q=80&w=800,https://res.cloudinary.com/p1kxfhlw/image/upload/v1791128179/admin-uploads/seeder/190b1ba169310f269c1300a0aa51e170879d2a7dac72f97112ff9452555d16f8.webp,admin-uploads/seeder/190b1ba169310f269c1300a0aa51e170879d2a7dac72f97112ff9452555d16f8,98650475ac5cd60a2fd30db117d6ad7fb09d971b523a765e3a4cd685bcee32e3,190b1ba169310f269c1300a0aa51e170879d2a7dac72f97112ff9452555d16f8,119416,90086,800,640,verified,2026-10-04T15:36:20.089Z
https://images.unsplash.com/photo-1558981806-ec527fa84c39?q=80&w=800,https://res.cloudinary.com/p1kxfhlw/image/upload/v1791128179/admin-uploads/seeder/b1c58515dbc27168f7abd87ef1a40ad00bd6225010d2304277b8d78925ec36f7.webp,admin-uploads/seeder/b1c58515dbc27168f7abd87ef1a40ad00bd6225010d2304277b8d78925ec36f7,3696538cfbf3263e0fd115acb4c1e979f5b745c83d13668ef938c7158bf676e8,b1c58515dbc27168f7abd87ef1a40ad00bd6225010d2304277b8d78925ec36f7,61705,36568,800,533,verified,2026-10-04T15:36:20.307Z
https://images.unsplash.com/photo-1549317661-bd32c8ce0db2?q=80&w=800,https://res.cloudinary.com/p1kxfhlw/image/upload/v1791128181/admin-uploads/seeder/3d8e8e8087c57b736469d8b1a632e06587220d7778621fde08f9f10929443ff0.webp,admin-uploads/seeder/3d8e8e8087c57b736469d8b1a632e06587220d7778621fde08f9f10929443ff0,06a15de2f72dbb75a2d42bd4dbd2e9ea1012ec6612975c8d1103cde20348f0b5,3d8e8e8087c57b736469d8b1a632e06587220d7778621fde08f9f10929443ff0,118222,92048,800,533,verified,2026-10-04T15:36:22.202Z
https://images.unsplash.com/photo-1562408590-e32931084e23?q=80&w=800,https://res.cloudinary.com/p1kxfhlw/image/upload/v1791128181/admin-uploads/seeder/a4746aa65a77a7e8866d984f17b50347e6663d152c598d505082f704f25c51ba.webp,admin-uploads/seeder/a4746aa65a77a7e8866d984f17b50347e6663d152c598d505082f704f25c51ba,5d91964add4dada169cf904f3d445c4109b2e20ca92a20831d7181fdc79f2ad4,a4746aa65a77a7e8866d984f17b50347e6663d152c598d505082f704f25c51ba,143358,126510,800,533,verified,2026-10-04T15:36:22.314Z
https://images.unsplash.com/photo-1534528741775-53994a69daeb?auto=format&fit=crop&q=80&w=256,https://res.cloudinary.com/p1kxfhlw/image/upload/v1791128260/admin-uploads/seeder/11d76ca308b43705f69344daeb140cf9fd4f7d9213160569487c932e345098a3.webp,admin-uploads/seeder/11d76ca308b43705f69344daeb140cf9fd4f7d9213160569487c932e345098a3,a4432ca7605c8ec535d3b8699973426b44365af9033109ff4174bdb6a1121614,11d76ca308b43705f69344daeb140cf9fd4f7d9213160569487c932e345098a3,7186,4438,256,320,verified,2026-10-04T15:37:41.880Z
