url,databaseReferences
https://res.cloudinary.com/p1kxfhlw/image/upload/v1791127763/admin-uploads/seeder/e2ca567ab73a1b59194332c46b2afdc2d7019c5be414f6cf10f39e69d04daf3d.webp,920
https://res.cloudinary.com/p1kxfhlw/image/upload/v1791127845/admin-uploads/seeder/985f6a4d0a1e34e2a69361e94160567bd003c42649d24f0aaff760f511999779.webp,912
https://res.cloudinary.com/p1kxfhlw/image/upload/v1791127846/admin-uploads/seeder/a3bb132505d3f21f8b124f7dba2f1f128622f9686df25d7e910cae1f9bb22771.webp,961
https://res.cloudinary.com/p1kxfhlw/image/upload/v1791127848/admin-uploads/seeder/2a8d46b1947ff79a6c8e4319fe6ceaf75197d3b7c3abb600c6cfaadd6f9aa668.webp,927
https://res.cloudinary.com/p1kxfhlw/image/upload/v1791127849/admin-uploads/seeder/21c90f19e44b0d24dea11876acdcaec46f1fc38c9695be58a79e5188ae263ade.webp,797
https://res.cloudinary.com/p1kxfhlw/image/upload/v1791127850/admin-uploads/seeder/c857b931b5892bee476e9bee7ab98772541d61106f5ae81586f2c2284804687e.webp,809
https://res.cloudinary.com/p1kxfhlw/image/upload/v1791127852/admin-uploads/seeder/fb3ba8206c15a2444cf4eaa02475551b97719ec1b0831ba8d22322cb3542357b.webp,806
https://res.cloudinary.com/p1kxfhlw/image/upload/v1791127853/admin-uploads/seeder/21a23e8cc11b45da5db0bdbbd5f8b5fec49bb5493207196195f28d1c69745d6d.webp,808
https://res.cloudinary.com/p1kxfhlw/image/upload/v1791127854/admin-uploads/seeder/5eba8fc29735d8c98df810d453d2323319c465557244dd88a8ce064f6336b4d3.webp,801
https://res.cloudinary.com/p1kxfhlw/image/upload/v1791127855/admin-uploads/seeder/7b10f1a459a5e9092a4c1afeec653e4f5e9c934f276c0404b4ccaedfa79dbb82.webp,791
https://res.cloudinary.com/p1kxfhlw/image/upload/v1791127857/admin-uploads/seeder/eb0f7d4cc7365ee3b95baa2ba1fe27f52f13a37ff55fff15f88bf021aeb8f0a8.webp,793
https://res.cloudinary.com/p1kxfhlw/image/upload/v1791127858/admin-uploads/seeder/935c1e17b2f3a9b29903ecd099ded4cb3507aa5fd997a323b79d9c3a1176ace8.webp,791
https://res.cloudinary.com/p1kxfhlw/image/upload/v1791127858/admin-uploads/seeder/c3fe51a46800898fcb488c0d953ad404316bcec7fd3667026f722146745ac91c.webp,786
https://res.cloudinary.com/p1kxfhlw/image/upload/v1791127860/admin-uploads/seeder/7d190fc83c214e5620c4a7792a1399a7f3afed0121d684c9c6572df09ff17e98.webp,798
https://res.cloudinary.com/p1kxfhlw/image/upload/v1791127861/admin-uploads/seeder/8c7a26cd296d45764ad089004571972bae29625523521d978c2c8c90e9cf17d9.webp,783
https://res.cloudinary.com/p1kxfhlw/image/upload/v1791127862/admin-uploads/seeder/abd72ef561f34073947a65ce673357ced32812d6899101d1be161c54b53092c8.webp,793
https://res.cloudinary.com/p1kxfhlw/image/upload/v1791127864/admin-uploads/seeder/79f92adcf52589acd6300f9cea3bf6c43ab67e47de6753cc7bdb69da308bd805.webp,786
https://res.cloudinary.com/p1kxfhlw/image/upload/v1791127865/admin-uploads/seeder/1de565696a5dff542b437184a5d7c1ca94dd1c99b92437c509b73b39c0034c4b.webp,769
https://res.cloudinary.com/p1kxfhlw/image/upload/v1791127866/admin-uploads/seeder/2f58e4f1b4561bf6de776f7e09e78f5bafea5abdaab11134174f9011ce62115d.webp,783
https://res.cloudinary.com/p1kxfhlw/image/upload/v1791127868/admin-uploads/seeder/7e17af6edc1b48f2fbb725a675ba178bcd481ea926bc12404f7c3974834227cf.webp,795
https://res.cloudinary.com/p1kxfhlw/image/upload/v1791127868/admin-uploads/seeder/eeac9c054aa41a313df9fd7029c85d29252a3e13678fddd9001c6112ec614849.webp,369
https://res.cloudinary.com/p1kxfhlw/image/upload/v1791127870/admin-uploads/seeder/0bc60f61d2fe7f8408ecb596ae92dc2c2a1aa1e87e603ab4702090c3e3c3509d.webp,298
https://res.cloudinary.com/p1kxfhlw/image/upload/v1791127872/admin-uploads/seeder/7424efbc3fb2505ef2e972092d0d6274d6c3673c21d10245bab4c5a46a67c9d7.webp,302
https://res.cloudinary.com/p1kxfhlw/image/upload/v1791127873/admin-uploads/seeder/dcaaca4f2cb2c0426bc432791e2013054b790cbd0dd37d9def6184cbe63b9825.webp,345
https://res.cloudinary.com/p1kxfhlw/image/upload/v1791127874/admin-uploads/seeder/912d688575354ad1438ffdccaaa240a87fbf5947fd499d5f83582345d46cc738.webp,317
https://res.cloudinary.com/p1kxfhlw/image/upload/v1791127876/admin-uploads/seeder/fbe807f32c80fc031876cab4744a08cfc96bf69c0a3c0037d18a332d6765015d.webp,309
https://res.cloudinary.com/p1kxfhlw/image/upload/v1791127878/admin-uploads/seeder/75b59b4a808bc4748f21d00a4d3756385e1207d51539feda18959fa58bf64b4f.webp,233
https://res.cloudinary.com/p1kxfhlw/image/upload/v1791127878/admin-uploads/seeder/b69accb44a56d96f2f13352ca83cedf4d30b8ddec159fc9fb0d2bb9584d71a5e.webp,230
https://res.cloudinary.com/p1kxfhlw/image/upload/v1791127880/admin-uploads/seeder/9bdd4b747432176c353f4b876f96704c516e881822a19da31fa175a75cd60502.webp,218
https://res.cloudinary.com/p1kxfhlw/image/upload/v1791127881/admin-uploads/seeder/8608fc8ae593067edf8d184c91eabbdb6bea1364a5a840dbf4430863f14e9b2e.webp,221
https://res.cloudinary.com/p1kxfhlw/image/upload/v1791127883/admin-uploads/seeder/d149d2a3a599aeaed9512c35a88a2da219dca3231adaf3e8142d096b4100616c.webp,253
https://res.cloudinary.com/p1kxfhlw/image/upload/v1791127884/admin-uploads/seeder/c72a1e2307668bbb23fb93b32bce3a9449d8cdb518501aa013da25f7fa8a5c57.webp,246
https://res.cloudinary.com/p1kxfhlw/image/upload/v1791127887/admin-uploads/seeder/7989957e2efc721bc4028fb68836bfb9841a859c15df2b9a3f9d0712579705c0.webp,217
https://res.cloudinary.com/p1kxfhlw/image/upload/v1791127888/admin-uploads/seeder/7220d56fa6fbe8c5c3009002cd2301cf4f92d69b0e6c6d1462daad36a9df5011.webp,225
https://res.cloudinary.com/p1kxfhlw/image/upload/v1791127889/admin-uploads/seeder/1d77e1728bb2c4f7a6ff52d6782231d23cf7731f04b384a176d6817a3e30fdb8.webp,204
https://res.cloudinary.com/p1kxfhlw/image/upload/v1791127891/admin-uploads/seeder/d0d48137d1183713c502e5c09ab4992673befb382116e74a2856ac2b10fb6075.webp,210
https://res.cloudinary.com/p1kxfhlw/image/upload/v1791127892/admin-uploads/seeder/4158ebff2bf4366603d40747d2c6a259ab508215d826a2937c06f27c1ce974e5.webp,203
https://res.cloudinary.com/p1kxfhlw/image/upload/v1791127893/admin-uploads/seeder/f546d17ee0cdd6d7a00d22d045ff9a8b3cd2fa27fb4460ef2987de25382fa643.webp,516
https://res.cloudinary.com/p1kxfhlw/image/upload/v1791127894/admin-uploads/seeder/341c572b86619b7221de138a9738df899b0ee781bc6f02383f242c5ca4dcdda3.webp,295
https://res.cloudinary.com/p1kxfhlw/image/upload/v1791127895/admin-uploads/seeder/ae4a8b6124e84cc5ea7d072e71b64a4459633db5c3f11da6717491fe5a6fecb5.webp,191
https://res.cloudinary.com/p1kxfhlw/image/upload/v1791127896/admin-uploads/seeder/292e47845a21581a8f21ead3a7c30ddd859fbeb10c747b3406376b5c59563a72.webp,470
https://res.cloudinary.com/p1kxfhlw/image/upload/v1791127898/admin-uploads/seeder/965be973a2dbae8c28152c52cac26c5ab2c318cde95965bf530d14cb96a0ec4d.webp,461
https://res.cloudinary.com/p1kxfhlw/image/upload/v1791127899/admin-uploads/seeder/db0399228ae23b2a7891392c5810d9c09c54f95c226629ab2683abc2187ef684.webp,304
https://res.cloudinary.com/p1kxfhlw/image/upload/v1791127900/admin-uploads/seeder/b32403955a3e975a1470112aba6d0ea3bd5938de500c2660d1536ede834f175d.webp,469
https://res.cloudinary.com/p1kxfhlw/image/upload/v1791127902/admin-uploads/seeder/1207d21f77266f2ba08301cd7f1a87a86d03f2a031c0dc8e167afa3a0b43a9c2.webp,233
https://res.cloudinary.com/p1kxfhlw/image/upload/v1791127902/admin-uploads/seeder/28f9b27d25922f8a75c890fda7604b68f49c3ae1df4a1931ac1104b8ff33954e.webp,475
https://res.cloudinary.com/p1kxfhlw/image/upload/v1791127904/admin-uploads/seeder/e29bcc941d9c70d148dcbe6406dc9e880865dc28dc88d908096b438e054e29a9.webp,229
https://res.cloudinary.com/p1kxfhlw/image/upload/v1791127905/admin-uploads/seeder/ac6822f6af3d07f0c737ea64ac6e7ced2fa9e8de80d75089d7b2962e183ca881.webp,233
https://res.cloudinary.com/p1kxfhlw/image/upload/v1791127908/admin-uploads/seeder/bddfe7260a7394003141892d8f22c6dc2fe3d4262a5399e83bd5d3458f796f7d.webp,12
https://res.cloudinary.com/p1kxfhlw/image/upload/v1791127910/admin-uploads/seeder/031c3dec064a4481af0ee148b2a5923f59ee0319196b702808491a08ff5c7667.webp,6
https://res.cloudinary.com/p1kxfhlw/image/upload/v1791127910/admin-uploads/seeder/e7ea641d405c1d48e594e483e9efef104997ecee84846a1061f96aa7b0079c6f.webp,241
https://res.cloudinary.com/p1kxfhlw/image/upload/v1791127912/admin-uploads/seeder/c14e7e529d1d9fd8a98119143f8a821a027a79caf723f7a199e7b089a6e5aa96.webp,471
https://res.cloudinary.com/p1kxfhlw/image/upload/v1791127913/admin-uploads/seeder/ec963c84d472c76dcddd9eccbec6d6393151681201bd8d7e46a1fb3515d22540.webp,82
https://res.cloudinary.com/p1kxfhlw/image/upload/v1791127915/admin-uploads/seeder/9a279c2306fb12b793eb7e66f5228c466fa90f564c9fb47835bff48d3e0472ee.webp,70
https://res.cloudinary.com/p1kxfhlw/image/upload/v1791127916/admin-uploads/seeder/1f3106cead1a33834a8e17dfd904551ef7745bb359568cb0c3816396207c86f3.webp,3
https://res.cloudinary.com/p1kxfhlw/image/upload/v1791127919/admin-uploads/seeder/86db07cdb79b80791d10a21e417dd5d87edd884321bb836db88de024fe6bfbf4.webp,25
https://res.cloudinary.com/p1kxfhlw/image/upload/v1791127922/admin-uploads/seeder/8c10a02fb0b6413b80e2440c2537bdf0a4a77c39c663785f09d85e196aa2da20.webp,12
https://res.cloudinary.com/p1kxfhlw/image/upload/v1791127923/admin-uploads/seeder/984d9513f167dde469708362d58e993c9e76235c259da493ed3d4244da5a8d67.webp,3
https://res.cloudinary.com/p1kxfhlw/image/upload/v1791127933/admin-uploads/seeder/157682e9654bf950caae5c33f27917e2d9e74cda0debf35ce89b5a1e628d9f27.webp,199
https://res.cloudinary.com/p1kxfhlw/image/upload/v1791127934/admin-uploads/seeder/b94cc671da48d4ae22115932f9973b85c313879e6684579deb03b00086aeda1d.webp,191
https://res.cloudinary.com/p1kxfhlw/image/upload/v1791127936/admin-uploads/seeder/75c9678e8eba829f1a67a94d8e9790662d8a1cad5738ed7a4d32376da94d4605.webp,180
https://res.cloudinary.com/p1kxfhlw/image/upload/v1791127936/admin-uploads/seeder/844d38843e927d21afba66322a925d26deb2f7f5e734355a5f78fd6a25952611.webp,179
https://res.cloudinary.com/p1kxfhlw/image/upload/v1791127938/admin-uploads/seeder/2f9cd7f6ef6949baf9ae4d7b8df490304d7f8c2691f47c7fbeb8e9860d9ae64a.webp,160
https://res.cloudinary.com/p1kxfhlw/image/upload/v1791127938/admin-uploads/seeder/d58abb88c25faa93f17b972bbda6c3e40089d91310741ea663b34e5cdc8c7f28.webp,159
https://res.cloudinary.com/p1kxfhlw/image/upload/v1791127940/admin-uploads/seeder/ebf8b28ffe3a9d83e8555f9e127a5628c93fc9eae0151d1a67c93e9803886d4a.webp,164
https://res.cloudinary.com/p1kxfhlw/image/upload/v1791127941/admin-uploads/seeder/b331eb3fd6a2fba1f10c1ade2ca62c287adff4c495e055cd92cd4489559823e8.webp,171
https://res.cloudinary.com/p1kxfhlw/image/upload/v1791127944/admin-uploads/seeder/0f297e1d0e08e31a2f57fb019d92d2ce75008d12fe264090aebc6674e3f6d7cb.webp,187
https://res.cloudinary.com/p1kxfhlw/image/upload/v1791127944/admin-uploads/seeder/845a1160351904e575ea9ca9c5f179315dcef842f56cb29efa269414ffdffd96.webp,176
https://res.cloudinary.com/p1kxfhlw/image/upload/v1791127946/admin-uploads/seeder/fc854f34a4344cb57d442405f26e1166c88df502abb19d39de0268d9aaa4a526.webp,238
https://res.cloudinary.com/p1kxfhlw/image/upload/v1791127947/admin-uploads/seeder/aeaa0b216c4b979941389aa4e1e9f935ff5c66809b139ac7f546a515c8694e54.webp,231
https://res.cloudinary.com/p1kxfhlw/image/upload/v1791127949/admin-uploads/seeder/4c2ee638af9ca5c1650d84dfaab1536ec48e3b70b487fbfadec379d88b81e5ce.webp,229
https://res.cloudinary.com/p1kxfhlw/image/upload/v1791127950/admin-uploads/seeder/cc60b311c1fb14a2e1535dd5e4af2427a8465852c5ceb8482b0ca73bc8125dd0.webp,231
https://res.cloudinary.com/p1kxfhlw/image/upload/v1791127951/admin-uploads/seeder/76db518fe6058c3f5278d937920f24841ec2c64616f9784938ecf9c295e2f916.webp,230
https://res.cloudinary.com/p1kxfhlw/image/upload/v1791127952/admin-uploads/seeder/f2fc40c2b8420151289176497b3c2ab4db285cec60403dc58de2de12ce80a822.webp,229
https://res.cloudinary.com/p1kxfhlw/image/upload/v1791127953/admin-uploads/seeder/80e15facadf11cd0dc578deb2214e05c3d3f3c2f704f24f3b0f76f311448a7f9.webp,237
https://res.cloudinary.com/p1kxfhlw/image/upload/v1791127954/admin-uploads/seeder/d2c59682914dddb4da0164008fe2da2a9913d777dd1c03372e6baf3c72c93e3c.webp,474
https://res.cloudinary.com/p1kxfhlw/image/upload/v1791127956/admin-uploads/seeder/674f95bc50df169badbdb71139f86a99c591b2533d0579e0186dfa9c59bc006f.webp,478
https://res.cloudinary.com/p1kxfhlw/image/upload/v1791127957/admin-uploads/seeder/b40d6822415c02cc0bfc6c304f5348a8fe6f3d54ec2a92395666f8d5c52bcc91.webp,461
https://res.cloudinary.com/p1kxfhlw/image/upload/v1791127959/admin-uploads/seeder/155b7a54dc64368bb9c3b5faef5111cf56637c72cdea27ae3c8beaffe20e274e.webp,468
https://res.cloudinary.com/p1kxfhlw/image/upload/v1791127960/admin-uploads/seeder/d6211c551afaf97e8b396ba1d41451080e82cd52b65b650e071124effeffb5ae.webp,248
https://res.cloudinary.com/p1kxfhlw/image/upload/v1791127962/admin-uploads/seeder/252afa3f97b01b02aad85a33a2203eabdca917800b895bb487c09a3cd0636db8.webp,243
https://res.cloudinary.com/p1kxfhlw/image/upload/v1791127962/admin-uploads/seeder/5c0c009efb3b9ef07cb5c35a2f7f50f08b25a118dc42c565e78403713456287f.webp,241
https://res.cloudinary.com/p1kxfhlw/image/upload/v1791127963/admin-uploads/seeder/7d81dfcc3003399d0eec16ee9891a17c34f822200ea2109c213ba5976cd20f7d.webp,241
https://res.cloudinary.com/p1kxfhlw/image/upload/v1791127964/admin-uploads/seeder/5f6f3be223f1e1d2d675c9e84d8546f350dc824fc5573f6d5412185cb2236777.webp,249
https://res.cloudinary.com/p1kxfhlw/image/upload/v1791127966/admin-uploads/seeder/4679211dd1a4bc95adaadce2ebe35e44294b6652ba1a92bf210da59f6a7e2c4d.webp,241
https://res.cloudinary.com/p1kxfhlw/image/upload/v1791127966/admin-uploads/seeder/ce9d084ceeed9391e3582feaec236fc552fcd236b2fed464dbf32a0dc3bf192b.webp,244
https://res.cloudinary.com/p1kxfhlw/image/upload/v1791127969/admin-uploads/seeder/578f3f851cf7a34a2afb896d8ec2218793d8fead64a3ebaff5804e68776e2ddd.webp,243
https://res.cloudinary.com/p1kxfhlw/image/upload/v1791127969/admin-uploads/seeder/7c4a134ffe05c2b651cfb6da9c009ad3f5a117d3bd02e8a2fdcbd07aa68b4ffe.webp,242
https://res.cloudinary.com/p1kxfhlw/image/upload/v1791127971/admin-uploads/seeder/5f700f7c17e2cde3349ffd37e6a511a53ccb3289485d91e908bcaa375f808af5.webp,244
https://res.cloudinary.com/p1kxfhlw/image/upload/v1791127972/admin-uploads/seeder/7d09f54dc7568601651035b654b64ea6138f16c3147be8e1dc68320d33548407.webp,246
https://res.cloudinary.com/p1kxfhlw/image/upload/v1791127973/admin-uploads/seeder/adf0a8bfadf06b4f2e66a72747446c0f41f02d688b7f77321285cb5bbb2adf0d.webp,242
https://res.cloudinary.com/p1kxfhlw/image/upload/v1791127974/admin-uploads/seeder/d25f854ea3f37b9120abf586b5b7dea539d9fbafe212ee2995efbe728153d089.webp,13
https://res.cloudinary.com/p1kxfhlw/image/upload/v1791127975/admin-uploads/seeder/c6bc92e5158875c93897512abc1a1ecd30352a8e251e3bf4b4840e8f61d77a68.webp,1
https://res.cloudinary.com/p1kxfhlw/image/upload/v1791127977/admin-uploads/seeder/a0b220909e3eca69c28a400520a1cc446d1def0fbe8dde74d9ae14c122b41af5.webp,6
https://res.cloudinary.com/p1kxfhlw/image/upload/v1791127981/admin-uploads/seeder/ca3971552ad49590db8517f2848278d76bb1d379cbdf86ae53d0c92896fdee49.webp,1
https://res.cloudinary.com/p1kxfhlw/image/upload/v1791127984/admin-uploads/seeder/a150b13d34f620e0b45cec8521fc3e63b97d4fe5400d39c9c4cba1b865386fdd.webp,1
https://res.cloudinary.com/p1kxfhlw/image/upload/v1791127985/admin-uploads/seeder/45b95a2eab7d5aa3e506388c9c68ea27c518cee9c99a60ec5fabce1634f0c272.webp,3
https://res.cloudinary.com/p1kxfhlw/image/upload/v1791127986/admin-uploads/seeder/083a5947cd0fc6f834083de3cb3aa773f678beaf3e85f2a6260c577ce58f4a62.webp,1
https://res.cloudinary.com/p1kxfhlw/image/upload/v1791127988/admin-uploads/seeder/660a12666ae5efad70787c6fc6ebf7ebb82b4cb361eded84747b9ecaf7fa6f0b.webp,1
https://res.cloudinary.com/p1kxfhlw/image/upload/v1791127991/admin-uploads/seeder/3938f5d3fae9234b454081fd3999ec71b9832191e574a44a3eb74e87219033d5.webp,3
https://res.cloudinary.com/p1kxfhlw/image/upload/v1791127991/admin-uploads/seeder/5bb9efa0facaf64c40fe4fa52410955ee748200dc71f1ced2cf0ff4d2c418891.webp,13
https://res.cloudinary.com/p1kxfhlw/image/upload/v1791127994/admin-uploads/seeder/c02c25fc77517ed307099e3bc977d8e78c41cafaa49f90071a459a9f375d2482.webp,3
https://res.cloudinary.com/p1kxfhlw/image/upload/v1791127997/admin-uploads/seeder/690c06d572187499a1b6cc4713fc7a9f1d5748a20614cb705b62cb5deb8fd5bb.webp,3
https://res.cloudinary.com/p1kxfhlw/image/upload/v1791127998/admin-uploads/seeder/15f7775f1abd75d1fe66a38763f3d40736aba84d4ca99e153a29a4529234ddd6.webp,1
https://res.cloudinary.com/p1kxfhlw/image/upload/v1791128000/admin-uploads/seeder/65eb6c6c65c0793798ee95fa2115191f29da449e45b77349d6fa9ac3a94b7527.webp,3
https://res.cloudinary.com/p1kxfhlw/image/upload/v1791128002/admin-uploads/seeder/87375d697989b7d9595f2c4d8829fab0ea421440b768b650ca65d7302faaed17.webp,5
https://res.cloudinary.com/p1kxfhlw/image/upload/v1791128002/admin-uploads/seeder/ec87fffc768e8d589fa41decd9f93b7de69f10c6262294441436b62fcfb41766.webp,5
https://res.cloudinary.com/p1kxfhlw/image/upload/v1791128005/admin-uploads/seeder/1b9d41fa19aca5853523ed200eec3393512199138d27fae304d2d41c87dddc61.webp,14
https://res.cloudinary.com/p1kxfhlw/image/upload/v1791128006/admin-uploads/seeder/24d68f06d504a9dcdfa16f2eccf8f9e22c3610142a47b7704c88b4cf6a2b1294.webp,5
https://res.cloudinary.com/p1kxfhlw/image/upload/v1791128008/admin-uploads/seeder/a32c478599dac4e5225435cf784c70b930006168ff2524e5fad04fd9619b381a.webp,9
https://res.cloudinary.com/p1kxfhlw/image/upload/v1791128011/admin-uploads/seeder/3321e537d9af87917ac4e5ac14ef17775c42ed2c66234f5d6ad94aef35f26611.webp,1
https://res.cloudinary.com/p1kxfhlw/image/upload/v1791128012/admin-uploads/seeder/9559fbe2f61c7225733047ff10c09ca745ba35f00bdc5c7f41610ecd2237d6eb.webp,1
https://res.cloudinary.com/p1kxfhlw/image/upload/v1791128016/admin-uploads/seeder/38e2a4b2b34b7e5afab91d8ef27b9e020015bd826553fa2c8639269b24a66cdb.webp,1
https://res.cloudinary.com/p1kxfhlw/image/upload/v1791128019/admin-uploads/seeder/0df9aad0b239a0a3c4c5c8b5daec5ebd8ce7ae09966805cf6ec87a70c9a2aa6b.webp,3
https://res.cloudinary.com/p1kxfhlw/image/upload/v1791128024/admin-uploads/seeder/874ae7c0e45a8acc6ec9673ac11b6f66078e3667dc7e1a1a0e5de5f239d5f80d.webp,1
https://res.cloudinary.com/p1kxfhlw/image/upload/v1791128024/admin-uploads/seeder/b6de49321da24eff58c099893df6433e605426a6823b6c7c35b77e898f683401.webp,1
https://res.cloudinary.com/p1kxfhlw/image/upload/v1791128028/admin-uploads/seeder/555cbe262b36dea84905c0d025bc0a4807d82fb82430a37c38769b3dc95de509.webp,1
https://res.cloudinary.com/p1kxfhlw/image/upload/v1791128030/admin-uploads/seeder/1e70bcfe027f9753a8ba674d6af4ea947b8a561baf6851067d9a5cde901c7caf.webp,1
https://res.cloudinary.com/p1kxfhlw/image/upload/v1791128032/admin-uploads/seeder/6ee9886a6369dfefc52cf62644407c744dcd5d55716ba61118499b5815195d93.webp,1
https://res.cloudinary.com/p1kxfhlw/image/upload/v1791128037/admin-uploads/seeder/762836385b33b46babcf56b152723490e0d4479ad850b360f6072c4d61d9db9f.webp,1
https://res.cloudinary.com/p1kxfhlw/image/upload/v1791128040/admin-uploads/seeder/d594ae2a18560cfc7a6a6b9f21885d6045abe86a1962a0e89046499a8c0ba9dd.webp,1
https://res.cloudinary.com/p1kxfhlw/image/upload/v1791128048/admin-uploads/seeder/cf505900f0ede71f5ff8bc2a9aba65bf87f914101def19f3c412ce8b11a4ca8f.webp,1
https://res.cloudinary.com/p1kxfhlw/image/upload/v1791128051/admin-uploads/seeder/346b19b90124348ede5a30cc63d1e71fcb5e26ee2d9f9565210570a6ed3c1839.webp,9
https://res.cloudinary.com/p1kxfhlw/image/upload/v1791128055/admin-uploads/seeder/9781693eb5862df59d58b3a2060bbd35fb75d432ee7cfad77680e2f535982e1c.webp,1
https://res.cloudinary.com/p1kxfhlw/image/upload/v1791128064/admin-uploads/seeder/276bbac54661d34b16d537e1160d3bdb885617661c31fcba4ff3b6149b51bbd6.webp,11
https://res.cloudinary.com/p1kxfhlw/image/upload/v1791128065/admin-uploads/seeder/d7151d6c154176e6e750b9beee49d53bf17ff4cde72772350487e90ed10edded.webp,1
https://res.cloudinary.com/p1kxfhlw/image/upload/v1791128067/admin-uploads/seeder/e48b8fed1971cf3182bfcfe5f804c97aec3c80b86d4af381f2370044df0e82bf.webp,1
https://res.cloudinary.com/p1kxfhlw/image/upload/v1791128068/admin-uploads/seeder/b0ec32acfd389faab8be0ac25130ebc9fad03f8afe271d3e8b8b92efbbdb83e6.webp,6
https://res.cloudinary.com/p1kxfhlw/image/upload/v1791128072/admin-uploads/seeder/588791981a352910f62bd16758258db254161b8c8a6ae58ab6178571760de13d.webp,5
https://res.cloudinary.com/p1kxfhlw/image/upload/v1791128073/admin-uploads/seeder/20b9bd06603fbd4798f0a9c9b078937792d67c9f93b70ca3cb057b3a41fec56f.webp,17
https://res.cloudinary.com/p1kxfhlw/image/upload/v1791128077/admin-uploads/seeder/75001879914715c09942dc9be40f336e738251a717644cbae7062ce593ce8cc7.webp,39
https://res.cloudinary.com/p1kxfhlw/image/upload/v1791128077/admin-uploads/seeder/bb57c4556cd946a4f2e3eb1b28e26db0da636e4de661a736321d28fd1a9dd419.webp,1
https://res.cloudinary.com/p1kxfhlw/image/upload/v1791128082/admin-uploads/seeder/f5e3b0449398cf395edaa853ae0a1b7de39ff6886951ee4bd3fbb332af83edc0.webp,7
https://res.cloudinary.com/p1kxfhlw/image/upload/v1791128084/admin-uploads/seeder/713e7dacef4f2ab0c7f065886d17f4c10d506baec61fc8fc4f9ecb084dadfe9a.webp,9
https://res.cloudinary.com/p1kxfhlw/image/upload/v1791128088/admin-uploads/seeder/d27a1ca63d0865fcf0334ebc578fb2df11c73b441acc26ec37e21a11956735ba.webp,7
https://res.cloudinary.com/p1kxfhlw/image/upload/v1791128090/admin-uploads/seeder/7def2bf964c5f25e45cbfd5f901527e66736aed6d92258b0beaaf3e284f42bef.webp,7
https://res.cloudinary.com/p1kxfhlw/image/upload/v1791128095/admin-uploads/seeder/74a27fad61847d564e6dde11ebfdffd974ea30a0b499396c88a04dd8dfeadb10.webp,7
https://res.cloudinary.com/p1kxfhlw/image/upload/v1791128097/admin-uploads/seeder/81d0f76a7c8e1ecb0ec0c0e761a233db8c62ca1e1ec66f7bd215605112385899.webp,5
https://res.cloudinary.com/p1kxfhlw/image/upload/v1791128102/admin-uploads/seeder/2931eb18e4c1572388ce1f6003b817dd9c96b7ba58e1b4dbacefdc99c0bc1299.webp,1
https://res.cloudinary.com/p1kxfhlw/image/upload/v1791128104/admin-uploads/seeder/55998f6b5dac6a7681d0618e866a81e1af9fdab49e5f3d0f3bd8710f458ad2ac.webp,1
https://res.cloudinary.com/p1kxfhlw/image/upload/v1791128108/admin-uploads/seeder/26a63e36e8b8c08e35d6cf53b950dc735dad6cfc3838bb85dfcb7f1bee420f11.webp,1
https://res.cloudinary.com/p1kxfhlw/image/upload/v1791128112/admin-uploads/seeder/87e96fc83ea904035e43bd2d13084637fdd7f6fa122019cb7d9170d8e0f73b59.webp,1
https://res.cloudinary.com/p1kxfhlw/image/upload/v1791128115/admin-uploads/seeder/e2eed9b9ad5113a6ffbb6c79d755d0c6a083330c2c7e57eb0783c8a31db0c2b8.webp,1
https://res.cloudinary.com/p1kxfhlw/image/upload/v1791128120/admin-uploads/seeder/d2569fd2802d759fcd78d6e784d5db353da0e0e996a685a25e4939c3d966b2c4.webp,1
https://res.cloudinary.com/p1kxfhlw/image/upload/v1791128123/admin-uploads/seeder/cf86386c407410dc4d50bd93db85a2216e7f7287bb7112c305d93bf7dbb23f8c.webp,21
https://res.cloudinary.com/p1kxfhlw/image/upload/v1791128129/admin-uploads/seeder/7e35892a143551abba0b245ca8ab010bdd621a08eca64fcc6e5c3f755ed03c50.webp,21
https://res.cloudinary.com/p1kxfhlw/image/upload/v1791128133/admin-uploads/seeder/d5a4ddc05cdc822d3ab9ec50d5ffe104e38a79fb62e76135b2a686915b2f16db.webp,1
https://res.cloudinary.com/p1kxfhlw/image/upload/v1791128137/admin-uploads/seeder/919ce0914e3da5ac28086519636598c6702a584b79ba4053a204ca9b7c990f0a.webp,15
https://res.cloudinary.com/p1kxfhlw/image/upload/v1791128141/admin-uploads/seeder/e382bb2bde3c94961de8fbf2a992cf7c2abbb983a2c8a1802ce9c6a92ed8d1f9.webp,21
https://res.cloudinary.com/p1kxfhlw/image/upload/v1791128145/admin-uploads/seeder/e820bf5e6e5c507242adef170dfd4e609900341d01e3b106f382ddbd5080eaa1.webp,17
https://res.cloudinary.com/p1kxfhlw/image/upload/v1791128147/admin-uploads/seeder/02d3fbe645770ce2c980c72641b10aa37478141eac45ce1387284b3d1d2cbeb3.webp,21
https://res.cloudinary.com/p1kxfhlw/image/upload/v1791128154/admin-uploads/seeder/29bb0a9bddc240a3d068b6267fb4b2e0e0a5c304c10840e85e8106a4e21d355f.webp,57
https://res.cloudinary.com/p1kxfhlw/image/upload/v1791128156/admin-uploads/seeder/a3e47a1876d7b061fef8223992b0000f7a246630964b32c96ea6142f2382e821.webp,7
https://res.cloudinary.com/p1kxfhlw/image/upload/v1791128159/admin-uploads/seeder/c0a1a5be60a589d9ddfc674bdcfebea11491527c4c7d4228c47ff92249392af8.webp,1
https://res.cloudinary.com/p1kxfhlw/image/upload/v1791128160/admin-uploads/seeder/276db0e5654ded75d024b9310e6920394fc967f0eea55ab2013cf452097461d4.webp,25
https://res.cloudinary.com/p1kxfhlw/image/upload/v1791128162/admin-uploads/seeder/d7b86185f898316b2c7cc3aeb822e85f0f99991c721793c00939fe68f77c52f3.webp,21
https://res.cloudinary.com/p1kxfhlw/image/upload/v1791128163/admin-uploads/seeder/d289eb785e9b1b1d3573cb5f8c134229ea0ceb009f6893badec4374cdb559383.webp,1
https://res.cloudinary.com/p1kxfhlw/image/upload/v1791128164/admin-uploads/seeder/abf33653bb8ff3e44bb064c0534fc178645a214e383c19a62d8e66274fe97125.webp,7
https://res.cloudinary.com/p1kxfhlw/image/upload/v1791128165/admin-uploads/seeder/ac236fadc8cbe29a9dbc94fe40d3c6bb3da496ee209ea033b89ef8bb6e7979a1.webp,5
https://res.cloudinary.com/p1kxfhlw/image/upload/v1791128168/admin-uploads/seeder/2f2afea3f19397f6f3ddc41272747f6674b71a25dd6a17cd733d28936433bc05.webp,5
https://res.cloudinary.com/p1kxfhlw/image/upload/v1791128169/admin-uploads/seeder/7f82f3b651914eb1f6cb777de6a0bd717f2ddc086cdb4497c78362c7a8eb33d6.webp,19
https://res.cloudinary.com/p1kxfhlw/image/upload/v1791128174/admin-uploads/seeder/f97877a76a9cb7c24d20bfebd39b0bc28bf7c9efb6f8f3ecbf75c7428a4da1d3.webp,1
https://res.cloudinary.com/p1kxfhlw/image/upload/v1791132105/admin-uploads/seeder/f929882d68280f837046048c94df05b156c3167de84108672ff6a5a4a8b33e60.webp,12
https://res.cloudinary.com/p1kxfhlw/image/upload/v1791132111/admin-uploads/seeder/e7c4e266a83d047b7a137e1ae74529b91c93a871f488aa91840afbb5c80bea46.webp,4
https://res.cloudinary.com/p1kxfhlw/image/upload/v1791132117/admin-uploads/seeder/789bd75b10a94b4a16512c46bd3ec1015ae3c4f3a6a77e80c28b8f3d563ed92c.webp,6
https://res.cloudinary.com/p1kxfhlw/image/upload/v1791132123/admin-uploads/seeder/62d1056eff5201356b558262d54df4933af64a620e712be515cbd459e5efd850.webp,6
https://res.cloudinary.com/p1kxfhlw/image/upload/v1791132127/admin-uploads/seeder/14538d0272aa6ef89e5f6ecca751411d7a257acc9f2db351bce3f3ae996814e7.webp,8
https://res.cloudinary.com/p1kxfhlw/image/upload/v1791132132/admin-uploads/seeder/baa5c8b637e0fec9491179451e51d1270b715f6a00b252d8b3ff635e3b5f86a4.webp,24
https://res.cloudinary.com/p1kxfhlw/image/upload/v1791132137/admin-uploads/seeder/f38ea7ddd8d2533612d048eb79cf26916a77f3d49661f5872e6ecdf768128fe6.webp,6
https://res.cloudinary.com/p1kxfhlw/image/upload/v1791132145/admin-uploads/seeder/0322993ac922b0567c58b820d10c1f722ecad4c4cc0908e0b124a81a71971e2e.webp,4
https://res.cloudinary.com/p1kxfhlw/image/upload/v1791132149/admin-uploads/seeder/366d8d7f78ec22317e8eb683be1519ed348088090e7dd8abb023896c7418665c.webp,20
https://res.cloudinary.com/p1kxfhlw/image/upload/v1791132152/admin-uploads/seeder/1713e9c76267826042fd51261e6bccc74d338c155337b8d7dfd50b154c298445.webp,12
https://res.cloudinary.com/p1kxfhlw/image/upload/v1791132160/admin-uploads/seeder/cdafeafdef02f95cb9e54dddaeaeeb4885254e2e47d74e12dc465af58cd6f90b.webp,22
https://res.cloudinary.com/p1kxfhlw/image/upload/v1791132164/admin-uploads/seeder/9260a5c66b000594216470596f941f07e238c573fa5028a48708eefd48026450.webp,8
https://res.cloudinary.com/p1kxfhlw/image/upload/v1791132170/admin-uploads/seeder/aa02e5a735926ba8670be3b650f65c5b44d5c8c144bf4d848ba293a89099bdea.webp,6
https://res.cloudinary.com/p1kxfhlw/image/upload/v1791132176/admin-uploads/seeder/7d61d1bca9ec51e1bb9e4278a00fcaef349bcc277e6b6192da5dd0d574e05a0b.webp,6
https://res.cloudinary.com/p1kxfhlw/image/upload/v1791132181/admin-uploads/seeder/0648db8da4d5e33bd7632ce80b0937fbfca72821f91ef75fce74b176c71610b4.webp,6
https://res.cloudinary.com/p1kxfhlw/image/upload/v1791132189/admin-uploads/seeder/a8927445d57c63adabe6f1fc19302992f51ba916648e9bae8cd167bc2fb573b7.webp,8
https://res.cloudinary.com/p1kxfhlw/image/upload/v1791132192/admin-uploads/seeder/414ef56325fb12af1545f1faa879fc8db9b11ca4dcb274b493e0dccf2d57cb81.webp,6
https://res.cloudinary.com/p1kxfhlw/image/upload/v1791132201/admin-uploads/seeder/fb4417bb6d83d36ae59c0bce22e3c22cc125cfbdc0d4dd67b01ebb4915caff98.webp,6
https://res.cloudinary.com/p1kxfhlw/image/upload/v1791132204/admin-uploads/seeder/13fee5e01d06ef83329ee57fd3b8941438e96aa6f60675b945ef244c7d8be6f7.webp,10
https://res.cloudinary.com/p1kxfhlw/image/upload/v1791132209/admin-uploads/seeder/7d861208828058fbc21aec2c8fa9650f947931cb649f0a35f1e8ce50b3cff0de.webp,8
https://res.cloudinary.com/p1kxfhlw/image/upload/v1791132218/admin-uploads/seeder/46a1966dd830b4116adcc56af5ae7d1d80de931cee653c81dab50c4b47db7db0.webp,22
https://res.cloudinary.com/p1kxfhlw/image/upload/v1791132229/admin-uploads/seeder/4eb2ec6eb3c5ff4f753d573615bdc8ffc1562bc10aa7167b66478b51168320c5.webp,12
https://res.cloudinary.com/p1kxfhlw/image/upload/v1791132235/admin-uploads/seeder/a6bc2bb103d25b873a5f7f8c52d2851cd35056c396d79906787f7ec6963e7953.webp,4
https://res.cloudinary.com/p1kxfhlw/image/upload/v1791132238/admin-uploads/seeder/d99492cd3d263cd87768399baad9cf78fa09e02ab949a85017343f1423f40041.webp,22
https://res.cloudinary.com/p1kxfhlw/image/upload/v1791132241/admin-uploads/seeder/5f08a40d3227fd15ace48e82005a9bc5dbbf54b965b6622c4e9578871e3cc36c.webp,10
https://res.cloudinary.com/p1kxfhlw/image/upload/v1791132247/admin-uploads/seeder/3c46fcaa90b742a9762480b617d039d027e8eda402f2f63f8d21b548224f0279.webp,22
https://res.cloudinary.com/p1kxfhlw/image/upload/v1791132255/admin-uploads/seeder/5f9aa165911eb2340f724cf9b36f49d44e1a12b8add1b121c0a41c99aa87b34d.webp,24
https://res.cloudinary.com/p1kxfhlw/image/upload/v1791132266/admin-uploads/seeder/1529e6df75356a3a72ae69939db261bb97353d63ce6f55178ddaf772065d9917.webp,14
https://res.cloudinary.com/p1kxfhlw/image/upload/v1791133327/admin-uploads/seeder/f64544c4d4836413c792ff73484cc05a034606820e58415154999b43871a6dbe.webp,4
https://res.cloudinary.com/p1kxfhlw/image/upload/v1791133331/admin-uploads/seeder/5616ea3e6b9a4c74937dc26934ffabdb89465d2cd8609e7309299f05c91f46cc.webp,4
https://res.cloudinary.com/p1kxfhlw/image/upload/v1791133340/admin-uploads/seeder/4751a644a19735ccd0f6e91509baaabdce8246bd13dea2fa77a6ce6202ec9ed0.webp,10
https://res.cloudinary.com/p1kxfhlw/image/upload/v1791133350/admin-uploads/seeder/b71e17cd38f30b249a84151c8fb81851bb4a7ff5dd6b6eee949541c0e2e9fe55.webp,22
https://res.cloudinary.com/p1kxfhlw/image/upload/v1791133359/admin-uploads/seeder/fd2f12f85e474bf0e868784a3e0c21d866ec20dfdcd67c692fde98f652b33ee8.webp,58
https://res.cloudinary.com/p1kxfhlw/image/upload/v1791133366/admin-uploads/seeder/1680817cae2014cdeadfd3d19669506a02d64d61dd6b2647218fa91b24e8e95e.webp,6
https://res.cloudinary.com/p1kxfhlw/image/upload/v1791133377/admin-uploads/seeder/b145cb18c089422efc8ba3aa4b5d14549540c56461eb9ca12bc2ac31d1c2c617.webp,6
https://res.cloudinary.com/p1kxfhlw/image/upload/v1791133381/admin-uploads/seeder/4b2dabbb9e42e6556e01ecc1fb214569b0e898f3cc71c22163ae8b1941df3ba7.webp,4
https://res.cloudinary.com/p1kxfhlw/image/upload/v1791133392/admin-uploads/seeder/31d15368c71e59dcde4c10136c638c6f73d2582e3d1988e0afd4e2c0f4afd8f8.webp,8
https://res.cloudinary.com/p1kxfhlw/image/upload/v1791133404/admin-uploads/seeder/5fa409e3775a743503c70810b8b772bf21df9fab78e12b43fc4b51c174c57bfe.webp,4
https://res.cloudinary.com/p1kxfhlw/image/upload/v1791133413/admin-uploads/seeder/cd48de52ddcc9b6cca8a4fc83de0de61a0394aa4b22d25ebb7efea2afef75587.webp,4
https://res.cloudinary.com/p1kxfhlw/image/upload/v1791133419/admin-uploads/seeder/e6987eddb18ae9caa440237c013c52c5e6ab8e4010543f7b1e041995f2c9d6fc.webp,6
https://res.cloudinary.com/p1kxfhlw/image/upload/v1791133430/admin-uploads/seeder/5463d83d4f737f5e72f36160696056f212c9e56fcb7e7ef068079ce4d7257b23.webp,8
https://res.cloudinary.com/p1kxfhlw/image/upload/v1791133444/admin-uploads/seeder/c2d69aedbd71b5b620d8de1a2a85dede5ea0996ec947da03d35903e7d03e464a.webp,4
https://res.cloudinary.com/p1kxfhlw/image/upload/v1791133453/admin-uploads/seeder/e61a5c97a41dc70672a46a1062f4bd37c7480a6d33f3d8325307b0fed073925f.webp,30
https://res.cloudinary.com/p1kxfhlw/image/upload/v1791133462/admin-uploads/seeder/ea340e3d8821c4c98d5c2080dd17b78ffa7e0bd7330dd56330954321370b5ccf.webp,10
https://res.cloudinary.com/p1kxfhlw/image/upload/v1791133469/admin-uploads/seeder/504731893b62497c0cb339f2daea613f8ddb87e7f0be057451111e460590530b.webp,62
https://res.cloudinary.com/p1kxfhlw/image/upload/v1791133477/admin-uploads/seeder/2c21b9bb599c2590a36a6cd20f827c840272ca6e8f484eab835de13fa8287d16.webp,16
https://res.cloudinary.com/p1kxfhlw/image/upload/v1791133483/admin-uploads/seeder/4c2a8c9e5dde69106f433c00e693404bc212240ed2c33f01573b1b1830f7645d.webp,6
https://res.cloudinary.com/p1kxfhlw/image/upload/v1791133492/admin-uploads/seeder/3ade521129ade78a02cfc1d00a801ea61e042936cd1355e7a6f54f3eca316398.webp,8
https://res.cloudinary.com/p1kxfhlw/image/upload/v1791133503/admin-uploads/seeder/1f6bb63d264dd24243ff38b7d9ae686a317391935a4e7891e924c6bdb51de184.webp,6
https://res.cloudinary.com/p1kxfhlw/image/upload/v1791133515/admin-uploads/seeder/b3eb41ba39342364634780e37731782408e87d93498aff883ebc46af52d57b77.webp,4
https://res.cloudinary.com/p1kxfhlw/image/upload/v1791133525/admin-uploads/seeder/7d54223ee4208d90d6a0d9f87a76c3c79899926e2cc16f905f52b99f27699fe5.webp,6
https://res.cloudinary.com/p1kxfhlw/image/upload/v1791133536/admin-uploads/seeder/ef1eafc857d67f8fe8b2b0441e1346e85913b1f38c08753afec9a34ad8d0b558.webp,6
https://res.cloudinary.com/p1kxfhlw/image/upload/v1791133542/admin-uploads/seeder/7ab47927326e7b423f0e46413d00444803cc14d2091d9da2d66ad4ffec06e87e.webp,6
https://res.cloudinary.com/p1kxfhlw/image/upload/v1791133550/admin-uploads/seeder/73a9e59b6056eceef90d4e1481bd5840fced26167eecdbc0cb4ebc74779ed424.webp,10
https://res.cloudinary.com/p1kxfhlw/image/upload/v1791133556/admin-uploads/seeder/6c97fca7f1c4f323f5294b038cb1002fa7fb0659bd7cb155c7f9f879431b31b2.webp,6
https://res.cloudinary.com/p1kxfhlw/image/upload/v1791133568/admin-uploads/seeder/cc93aceb59368b571144c12aaa1d2996d5a67360159452059c4200c567040dca.webp,24
https://res.cloudinary.com/p1kxfhlw/image/upload/v1791133583/admin-uploads/seeder/e1b6e7497d22ace70c88a6302e99a78cd60cbf2adf288bbc2d498c0d9759c63f.webp,6
https://res.cloudinary.com/p1kxfhlw/image/upload/v1791133592/admin-uploads/seeder/314fa95cf1fc387f9f8eb55141d1165ccd14af18e21ba848800c2359eb4b2c8a.webp,8
https://res.cloudinary.com/p1kxfhlw/image/upload/v1791133599/admin-uploads/seeder/cc12e86f2b0362d70558157d991bf5b258122be066b76f6a19f7ca5fc1dffdea.webp,28
https://res.cloudinary.com/p1kxfhlw/image/upload/v1791133607/admin-uploads/seeder/78b3e323f813f3d9ba7d13b46a4d281d407b969a92ffd12631e59c3fcf390243.webp,4
https://res.cloudinary.com/p1kxfhlw/image/upload/v1791133619/admin-uploads/seeder/b47382b0c392778d246185a92c58b7a7a4bc5df2476328bd5001c7ec62f30439.webp,22
https://res.cloudinary.com/p1kxfhlw/image/upload/v1791133625/admin-uploads/seeder/b12831f768a7bd1d315f99339c95ce85d181f0d59e591d21ca59f1f45d4dc1f4.webp,4
https://res.cloudinary.com/p1kxfhlw/image/upload/v1791133632/admin-uploads/seeder/0ec38a1b15dc78cb9ef7c7b1596c63879d432d967c10c19f4f1552bce5b01aff.webp,20
https://res.cloudinary.com/p1kxfhlw/image/upload/v1791133641/admin-uploads/seeder/5df1536c0fad065da8c38ad0638753b451aad1bd209689da1442c17b7edffa2b.webp,30
https://res.cloudinary.com/p1kxfhlw/image/upload/v1791133649/admin-uploads/seeder/26f988d25282ed92aa7a1f2feeff486e32f5c407aae5352c622b584b6932149b.webp,6
https://res.cloudinary.com/p1kxfhlw/image/upload/v1791133660/admin-uploads/seeder/85fe4c450bd962017ea4b5681d9dda4dd54a8ecae35fcebe79f29c9bd3126d55.webp,6
https://res.cloudinary.com/p1kxfhlw/image/upload/v1791133665/admin-uploads/seeder/9ca112264608cbacfa3357b4fc91f19e37dae1d12beadba0a140ad06aad27abc.webp,6
https://res.cloudinary.com/p1kxfhlw/image/upload/v1791133675/admin-uploads/seeder/72eb58ec227719ad9b0c29435998ddb596c675548c25417a966ddac015a375b6.webp,6
https://res.cloudinary.com/p1kxfhlw/image/upload/v1791133683/admin-uploads/seeder/2489d2d2d31b091a7f3a07a4a0c7e198d9571a0545634e9ab5a5a0eabc10db1c.webp,4
https://res.cloudinary.com/p1kxfhlw/image/upload/v1791133691/admin-uploads/seeder/d9411f76a4488c19038b07eda7f4a85c62c213301ac1caa39e33fe38165dbc1b.webp,8
https://res.cloudinary.com/p1kxfhlw/image/upload/v1791133700/admin-uploads/seeder/a29af67ea1fd78573503d66026479c1d75b8b19588417fbe3c5cddd67bdb6b97.webp,4
https://res.cloudinary.com/p1kxfhlw/image/upload/v1791133708/admin-uploads/seeder/f874a4b6260fb2d4e8e7658b46c870ce1720029078b571a91b5e72ba6408868d.webp,58
https://res.cloudinary.com/p1kxfhlw/image/upload/v1791133715/admin-uploads/seeder/0dbbb673afd043e24d4fdfbd6de3ad0357175ab3e1ee2b1ee6300ef41fa17640.webp,24
https://res.cloudinary.com/p1kxfhlw/image/upload/v1791133725/admin-uploads/seeder/d5de5a78dc9a15e87d96082e26b290724f562af129b3182fa72a7b50dc92b531.webp,4
https://res.cloudinary.com/p1kxfhlw/image/upload/v1791133737/admin-uploads/seeder/c412b1f12e3d44795911d6f139868667df22094a3c550477f87fcf7a0feb5170.webp,6
https://res.cloudinary.com/p1kxfhlw/image/upload/v1791133745/admin-uploads/seeder/d19004ea1762bb72874f99c39d2d570b5b879faee03ba4914897d297bcc677fc.webp,8
https://res.cloudinary.com/p1kxfhlw/image/upload/v1791133756/admin-uploads/seeder/2a0dc3a1d38a511a61387c5927d2291f923c342159636b3bdd2c8aa2348b717e.webp,4
https://res.cloudinary.com/p1kxfhlw/image/upload/v1791133765/admin-uploads/seeder/2fc98a89784857abe969de4e575a543ae16d08d676e3500c61d395160ece420c.webp,6
https://res.cloudinary.com/p1kxfhlw/image/upload/v1791133774/admin-uploads/seeder/646185b1488d3308b338c41c37bd9a220297dd269565d594ec055e4966918466.webp,6
https://res.cloudinary.com/p1kxfhlw/image/upload/v1791133783/admin-uploads/seeder/b48bf09ce40e74c06fae764383177bd4efdfe7127c0bed5b047438c6c9577453.webp,4
https://res.cloudinary.com/p1kxfhlw/image/upload/v1791133793/admin-uploads/seeder/95af47484b96f575709ab0866f65f46331a57e565f66b35696a782c3d495a446.webp,4
https://res.cloudinary.com/p1kxfhlw/image/upload/v1791133799/admin-uploads/seeder/37517d89f7243c2a8d12b6d2ce22ff48cd4ca9f3afc6031a9ee287f84da00dad.webp,6
https://res.cloudinary.com/p1kxfhlw/image/upload/v1791133807/admin-uploads/seeder/5ea06699f7611dddc15035ac1b6ccb23c050e5721a734b5e9fa7c950951e6453.webp,6
https://res.cloudinary.com/p1kxfhlw/image/upload/v1791133817/admin-uploads/seeder/769305d61fa332529a223c70b4e074b3aca3d9b52c0e82c7442d06ead250c2e9.webp,6
https://res.cloudinary.com/p1kxfhlw/image/upload/v1791133827/admin-uploads/seeder/076d91f0417735b9f4ee1f1a543037468cc01033d89efad219aaaeb3cfff3896.webp,18
https://res.cloudinary.com/p1kxfhlw/image/upload/v1791133834/admin-uploads/seeder/c1fbd20a2ea1be1a4faf732316dca80e26cc7ee65f1de00c6abd044552d210de.webp,20
https://res.cloudinary.com/p1kxfhlw/image/upload/v1791133845/admin-uploads/seeder/abc7f5f5653295660795339841daaeabe81e7a28df57ce62a4b7a46c0c81585d.webp,6
https://res.cloudinary.com/p1kxfhlw/image/upload/v1791133854/admin-uploads/seeder/02cfa6d67278d04512baae84374015adaac0287d5a8d00bad531d19a187811b0.webp,8
https://res.cloudinary.com/p1kxfhlw/image/upload/v1791133860/admin-uploads/seeder/08bc1d80e178114ae7895c9118e896c8dd7cb805116d49c96f9d3c54d44ec470.webp,62
https://res.cloudinary.com/p1kxfhlw/image/upload/v1791133869/admin-uploads/seeder/31734d70ec5da27a13a0e97886f2fbb640f2b7a163e9cc77982376580168cbb4.webp,4
https://res.cloudinary.com/p1kxfhlw/image/upload/v1791133883/admin-uploads/seeder/c226e5d1a0daa76ecbaefc24d0a4455a31e4c4d41f33a5f3de5ee0fe14275520.webp,6
https://res.cloudinary.com/p1kxfhlw/image/upload/v1791133892/admin-uploads/seeder/0e55b2d9b2be4c5c316969cbe7537e75f50bc3fd46655e34df1e46d9f3573581.webp,22
https://res.cloudinary.com/p1kxfhlw/image/upload/v1791133904/admin-uploads/seeder/4930d468bc3218d8173376a3e56154edbb40a963313d0b710a2d77c4a8cc78dd.webp,6
https://res.cloudinary.com/p1kxfhlw/image/upload/v1791133912/admin-uploads/seeder/1253e048f2bf34c6eacbeb9ae4912103fc19a90dcb4ace08f1def9dd8f72e398.webp,8
https://res.cloudinary.com/p1kxfhlw/image/upload/v1791133922/admin-uploads/seeder/f75986539a979f073e3ceaef36c13dd60d831817add67e6e5e2bc3642d0dcece.webp,6
https://res.cloudinary.com/p1kxfhlw/image/upload/v1791133934/admin-uploads/seeder/cf9aa64c2fadb9e68fbfe50c53f29f98cc088f14976e8a8db24c6b44e9b99624.webp,4
https://res.cloudinary.com/p1kxfhlw/image/upload/v1791133942/admin-uploads/seeder/83e939c27adbb49767c10140d3379736937031aeec30a4219d9cf379894fdf2b.webp,8
https://res.cloudinary.com/p1kxfhlw/image/upload/v1791133951/admin-uploads/seeder/928796fffe3ad759951ab278a7551b3a1d6704b4da7cfd501aef1635adc785d6.webp,4
https://res.cloudinary.com/p1kxfhlw/image/upload/v1791133960/admin-uploads/seeder/443a3f11e6fd58425004ff387383e9bcab0295e7397fefd356fd6ac6537c6fa4.webp,6
https://res.cloudinary.com/p1kxfhlw/image/upload/v1791133968/admin-uploads/seeder/80abe5349b26d2166f899039e7730dfa96ab47829203620e1243ef02f7ed7d97.webp,12
https://res.cloudinary.com/p1kxfhlw/image/upload/v1791171387/admin-uploads/seeder/59e1c08d37f3d5be0a3a80f65803cf708b64ac9c28b28833c0015a2bfe1a90e7.webp,62
https://res.cloudinary.com/p1kxfhlw/image/upload/v1791171393/admin-uploads/seeder/df4226fcb76b02e3d840bf77a3786bd76413fd358a841f15a4a89c4ca215cd6f.webp,62
https://res.cloudinary.com/p1kxfhlw/image/upload/v1791171398/admin-uploads/seeder/0ce83ade71aa758ae038924f512038dd40629c874d0d04a181dd2e7094be3068.webp,62
