province,STAY,EXP,SVC,COMPLEX,landmarks
An Giang,82,30,54,9,8
Bắc Ninh,82,30,54,9,3
Cà Mau,82,30,54,9,1
Cao Bằng,82,30,54,9,3
Cần Thơ,82,30,54,9,3
Đà Nẵng,82,30,54,9,20
Đắk Lắk,82,30,54,9,9
Điện Biên,82,30,54,9,3
Đồng Nai,82,30,54,9,4
Đồng Tháp,82,30,54,9,2
Gia Lai,82,30,54,9,7
Hà Nội,82,30,54,9,21
Hà Tĩnh,82,30,54,9,1
Hải Phòng,82,30,54,9,2
Hồ Chí Minh,82,30,54,9,19
Huế,82,30,54,9,16
Hưng Yên,82,30,54,9,1
Khánh Hòa,82,30,54,9,10
Lai Châu,82,30,54,9,1
Lạng Sơn,82,30,54,9,1
Lào Cai,82,30,54,9,11
Lâm Đồng,82,30,54,9,18
Nghệ An,82,30,54,9,3
Ninh Bình,82,30,54,9,13
Phú Thọ,82,30,54,9,6
Quảng Ngãi,82,30,54,9,3
Quảng Ninh,82,30,54,9,12
Quảng Trị,82,30,54,9,7
Sơn La,82,30,54,9,3
Tây Ninh,82,30,54,9,2
Thái Nguyên,82,30,54,9,2
Thanh Hóa,82,30,54,9,4
Tuyên Quang,82,30,54,9,6
Vĩnh Long,82,30,54,9,3
