name,province,address,latitude,longitude,source_url,location_source,source_id
Mường Thanh Luxury Ninh Bình,Ninh Bình,"Đường Đinh Tiên Hoàng, Tổ dân phố Ninh Khánh 3, Phường Hoa Lư, Tỉnh Ninh Bình",20.28421510000001,105.96599059999997,https://booking.muongthanh.com/khach-san-muong-thanh-luxury-ninh-binh,https://booking.muongthanh.com/khach-san-muong-thanh-luxury-ninh-binh,muongthanh:77
Mường Thanh Luxury Diễn Lâm Lakeview,Nghệ An,"Xóm Phúc Lâm, xã Hùng Châu, tỉnh Nghệ An",20.04814377158067,105.06527296309523,https://booking.muongthanh.com/khach-san-muong-thanh-luxury-dien-lam-lakeview,https://booking.muongthanh.com/khach-san-muong-thanh-luxury-dien-lam-lakeview,muongthanh:76
Mường Thanh Grand Gia Lai,Gia Lai,"537 Hùng Vương, Phường Pleiku, tỉnh Gia Lai, Việt Nam.",13.972270498394982,108.01354627508987,https://booking.muongthanh.com/khach-san-muong-thanh-grand-gia-lai,https://booking.muongthanh.com/khach-san-muong-thanh-grand-gia-lai,muongthanh:74
Mường Thanh Luxury Cao Bằng,Cao Bằng,"Số 42 đường Kim Đồng, phường Thục Phán, tỉnh Cao Bằng, Việt Nam.",22.66256009293414,106.25967158035661,https://booking.muongthanh.com/khach-san-muong-thanh-luxury-cao-bang,https://booking.muongthanh.com/khach-san-muong-thanh-luxury-cao-bang,muongthanh:65
Mường Thanh Luxury Xuân Thành,Hà Tĩnh,"Thôn Thành Vân, xã Tiên Điền, tỉnh Hà Tĩnh, Việt Nam.",18.62997696582547,105.80889347404916,https://booking.muongthanh.com/khach-san-muong-thanh-luxury-xuan-thanh,https://booking.muongthanh.com/khach-san-muong-thanh-luxury-xuan-thanh,muongthanh:59
Mường Thanh Holiday Vũng Tàu,Hồ Chí Minh,"Số 9 Thống Nhất, phường Vũng Tàu, thành phố Hồ Chí Minh, Việt Nam",10.34567056982438,107.07317541525889,https://booking.muongthanh.com/khach-san-muong-thanh-holiday-vung-tau,https://booking.muongthanh.com/khach-san-muong-thanh-holiday-vung-tau,muongthanh:2
Mường Thanh Luxury Bắc Giang,Bắc Ninh,"Quảng trường 3/2, phường Bắc Giang, tỉnh Bắc Ninh, Việt Nam.",21.28267359329432,106.2025923360964,https://booking.muongthanh.com/khach-san-muong-thanh-luxury-bac-giang,https://booking.muongthanh.com/khach-san-muong-thanh-luxury-bac-giang,muongthanh:3
Mường Thanh Luxury Buôn Ma Thuột,Đắk Lắk,"Số 81 Nguyễn Tất Thành, phường Tân An, tỉnh Đắk Lắk, Việt Nam.",12.693141820924467,108.06140887391904,https://booking.muongthanh.com/khach-san-muong-thanh-luxury-buon-ma-thuot,https://booking.muongthanh.com/khach-san-muong-thanh-luxury-buon-ma-thuot,muongthanh:6
Mường Thanh Luxury Bắc Ninh,Bắc Ninh,"Số 395, đường Ngô Gia Tự, phường Kinh Bắc, tỉnh Bắc Ninh, Việt Nam.",21.183478,106.0660256,https://booking.muongthanh.com/khach-san-muong-thanh-luxury-bac-ninh,https://booking.muongthanh.com/khach-san-muong-thanh-luxury-bac-ninh,muongthanh:8
Mường Thanh Quy Nhơn,Gia Lai,"Số 02 Nguyễn Huệ, Phường Quy Nhơn, Tỉnh Gia Lai, Việt Nam",13.772044900533487,109.23692371527896,https://booking.muongthanh.com/khach-san-muong-thanh-quy-nhon,https://booking.muongthanh.com/khach-san-muong-thanh-quy-nhon,muongthanh:9
Mường Thanh Holiday Mũi Né,Lâm Đồng,"Số 54 Huỳnh Thúc Kháng, Phường Mũi Né, Tỉnh Lâm Đồng, Việt Nam",10.950127958956573,108.25606771526576,https://booking.muongthanh.com/khach-san-muong-thanh-holiday-mui-ne,https://booking.muongthanh.com/khach-san-muong-thanh-holiday-mui-ne,muongthanh:10
Mường Thanh Luxury Cà Mau,Cà Mau,"Lô C03A Khu Trung tâm Hành chính chính trị tỉnh Cà Mau, Phường An Xuyên, Tỉnh Cà Mau, Việt Nam.",9.190773238417703,105.13970218483306,https://booking.muongthanh.com/khach-san-muong-thanh-luxury-ca-mau,https://booking.muongthanh.com/khach-san-muong-thanh-luxury-ca-mau,muongthanh:11
Mường Thanh Grand Điện Biên Phủ,Điện Biên,"Số 514, Đường Võ Nguyên Giáp, Phường Điện Biên Phủ, Tỉnh Điện Biên, Vietnam",21.400623085988155,103.02150648511727,https://booking.muongthanh.com/khach-san-muong-thanh-grand-dien-bien-phu,https://booking.muongthanh.com/khach-san-muong-thanh-grand-dien-bien-phu,muongthanh:12
Mường Thanh Luxury Phú Thọ,Phú Thọ,"Lô CC17, Quảng trường Hùng Vương, Phường Việt Trì, Tỉnh Phú Thọ, Việt Nam",21.3140749,105.3922484,https://booking.muongthanh.com/khach-san-muong-thanh-luxury-phu-tho,https://booking.muongthanh.com/khach-san-muong-thanh-luxury-phu-tho,muongthanh:13
Mường Thanh Luxury Hà Nam,Ninh Bình,"Khu Đất phía Bắc Cầu Hồng Phú, Phường Phủ Lý, Tỉnh Ninh Bình, Việt Nam",20.703956037261346,105.54596562881322,https://booking.muongthanh.com/khach-san-muong-thanh-luxury-ha-nam,https://booking.muongthanh.com/khach-san-muong-thanh-luxury-ha-nam,muongthanh:14
Mường Thanh Grand Hà Tĩnh,Hà Tĩnh,"Tổ dân phố Đông Trinh, Phường Sông Trí, Tỉnh Hà Tĩnh, Việt Nam",18.05108884569783,106.35125407023993,https://booking.muongthanh.com/khach-san-muong-thanh-grand-ha-tinh,https://booking.muongthanh.com/khach-san-muong-thanh-grand-ha-tinh,muongthanh:15
Mường Thanh Grand Nha Trang,Khánh Hòa,"Số 6 Dương Hiến Quyền, phường Bắc Nha Trang, tỉnh Khánh Hòa, Việt Nam",12.290329632786648,109.20335591429853,https://booking.muongthanh.com/khach-san-muong-thanh-grand-nha-trang,https://booking.muongthanh.com/khach-san-muong-thanh-grand-nha-trang,muongthanh:16
Mường Thanh Luxury Nha Trang,Khánh Hòa,"Số 60, đường Trần Phú, phường Nha Trang, tỉnh Khánh Hòa, Việt Nam",12.2365547,109.1964462,https://booking.muongthanh.com/khach-san-muong-thanh-luxury-nha-trang,https://booking.muongthanh.com/khach-san-muong-thanh-luxury-nha-trang,muongthanh:17
Mường Thanh Lai Châu,Lai Châu,"Số 113 Lê Duẩn, phường Tân Phong, tỉnh Lai Châu, Việt Nam.",22.394529985274776,103.47281131532337,https://booking.muongthanh.com/khach-san-muong-thanh-lai-chau,https://booking.muongthanh.com/khach-san-muong-thanh-lai-chau,muongthanh:20
Mường Thanh Luxury Lạng Sơn,Lạng Sơn,"Số 68 Ngô Quyền, phường Đông Kinh, tỉnh Lạng Sơn, Việt Nam.",21.853438085557507,106.76601111531517,https://booking.muongthanh.com/khach-san-muong-thanh-luxury-lang-son,https://booking.muongthanh.com/khach-san-muong-thanh-luxury-lang-son,muongthanh:22
Mường Thanh Luxury Sông Lam,Nghệ An,"Số 13, đường Quang Trung, Phường Thành Vinh, Tỉnh Nghệ An, Việt Nam",18.66842922588771,105.66925717034312,https://booking.muongthanh.com/khach-san-muong-thanh-luxury-song-lam,https://booking.muongthanh.com/khach-san-muong-thanh-luxury-song-lam,muongthanh:25
Mường Thanh Luxury Diễn Lâm,Nghệ An,"Xóm Đồng Nông, xã Hùng Châu, Tỉnh Nghệ An, Việt Nam",19.14839118704643,105.51362771434981,https://booking.muongthanh.com/khach-san-muong-thanh-luxury-dien-lam,https://booking.muongthanh.com/khach-san-muong-thanh-luxury-dien-lam,muongthanh:26
Mường Thanh Holiday Con Cuông,Nghệ An,"Thôn Lam Sơn, xã Con Cuông, Tỉnh Nghệ An, Việt Nam.",19.04935145281084,104.88528327406051,https://booking.muongthanh.com/khach-san-muong-thanh-holiday-con-cuong,https://booking.muongthanh.com/khach-san-muong-thanh-holiday-con-cuong,muongthanh:27
Mường Thanh Grand Cửa Lò,Nghệ An,"Số 232, Đường Bình Minh, Phường Cửa Lò, Tỉnh Nghệ An, Việt Nam",18.801348258772276,105.70988392242045,https://booking.muongthanh.com/khach-san-muong-thanh-grand-cua-lo,https://booking.muongthanh.com/khach-san-muong-thanh-grand-cua-lo,muongthanh:28
Mường Thanh Grand Phương Đông,Nghệ An,"Số 2 Đường Trường Thi, Phường Trường Vinh, Tỉnh Nghệ An, Việt Nam",18.66738032637448,105.68426017225336,https://booking.muongthanh.com/khach-san-muong-thanh-grand-phuong-dong,https://booking.muongthanh.com/khach-san-muong-thanh-grand-phuong-dong,muongthanh:29
Mường Thanh Grand Hoàng Mai (Nghệ An),Nghệ An,"Khối Bắc Mỹ, Phường Hoàng Mai, Tỉnh Nghệ An, Việt Nam",19.258453906427142,105.708960670445,https://booking.muongthanh.com/khach-san-muong-thanh-grand-hoang-mai,https://booking.muongthanh.com/khach-san-muong-thanh-grand-hoang-mai,muongthanh:30
Mường Thanh Thanh Niên Vinh,Nghệ An,"Số 74 Lê Hồng Phong, Phường Thành Vinh, Tỉnh Nghệ An, Việt Nam",18.676073669273208,105.68168521530957,https://booking.muongthanh.com/khach-san-muong-thanh-thanh-nien-vinh,https://booking.muongthanh.com/khach-san-muong-thanh-thanh-nien-vinh,muongthanh:31
Mường Thanh Luxury Nhật Lệ,Quảng Trị,"Số 121, đường Trương Pháp, phường Đồng Hới, tỉnh Quảng Trị, Việt Nam",17.507050328635515,106.61505425045247,https://booking.muongthanh.com/khach-san-muong-thanh-luxury-nhat-le,https://booking.muongthanh.com/khach-san-muong-thanh-luxury-nhat-le,muongthanh:34
Mường Thanh Holiday Quảng Bình,Quảng Trị,"Số 119, đường Trương Pháp, phường Đồng Hới, tỉnh Quảng Trị, Việt Nam",17.48645828801933,106.62466141525633,https://booking.muongthanh.com/khach-san-muong-thanh-holiday-quang-binh,https://booking.muongthanh.com/khach-san-muong-thanh-holiday-quang-binh,muongthanh:35
Mường Thanh Holiday Hội An,Đà Nẵng,"Khu Ô9, KĐT Phước Trạch - Phước Hải, Đường Âu Cơ, Phường Hội An Đông, Thành phố Đà Nẵng,Việt Nam.",15.893083956936865,108.37147451551569,https://booking.muongthanh.com/khach-san-muong-thanh-holiday-hoi-an,https://booking.muongthanh.com/khach-san-muong-thanh-holiday-hoi-an,muongthanh:36
Mường Thanh Grand Quảng Nam,Đà Nẵng,"351A Hùng Vương, Phường Tam Kỳ, Thành phố Đà Nẵng, Việt Nam.",16.01547624556597,107.3805941007479,https://booking.muongthanh.com/khach-san-muong-thanh-grand-quang-nam,https://booking.muongthanh.com/khach-san-muong-thanh-grand-quang-nam,muongthanh:37
Mường Thanh Luxury Quảng Ninh,Quảng Ninh,"Tổ 1, khu 2, phường Bãi Cháy, tỉnh Quảng Ninh, Việt Nam",20.956603,107.0492909,https://booking.muongthanh.com/khach-san-muong-thanh-luxury-quang-ninh,https://booking.muongthanh.com/khach-san-muong-thanh-luxury-quang-ninh,muongthanh:39
Mường Thanh Luxury Sơn La,Sơn La,"Số 02, đường Tô Hiệu, phường Tô Hiệu, tỉnh Sơn La, Việt Nam.",21.32786188287608,103.91071881484585,https://booking.muongthanh.com/khach-san-muong-thanh-luxury-son-la,https://booking.muongthanh.com/khach-san-muong-thanh-luxury-son-la,muongthanh:42
Mường Thanh Luxury Mộc Châu,Sơn La,"Đường Hoàng Quốc Việt, Thảo Nguyên, Sơn La",20.844984894067508,104.65999017411234,https://booking.muongthanh.com/khach-san-muong-thanh-luxury-moc-chau,https://booking.muongthanh.com/khach-san-muong-thanh-luxury-moc-chau,muongthanh:43
Mường Thanh Grand Thanh Hóa,Thanh Hóa,"Khu OC1, Khu đô thị Nam thành phố, phường Hạc Thành, tỉnh Thanh Hóa, Việt Nam",19.782331,105.7782128,https://booking.muongthanh.com/khach-san-muong-thanh-grand-thanh-hoa,https://booking.muongthanh.com/khach-san-muong-thanh-grand-thanh-hoa,muongthanh:44
Mường Thanh Holiday Huế,Huế,"Số 38 Lê Lợi, Phường Thuận Hóa, Thành phố Huế, Việt Nam.",16.469402928602964,107.59087237399508,https://booking.muongthanh.com/khach-san-muong-thanh-holiday-hue,https://booking.muongthanh.com/khach-san-muong-thanh-holiday-hue,muongthanh:45
Mường Thanh Grand Tuyên Quang,Tuyên Quang,"Số 207, đường Bình Thuận, tổ 13 phường Minh Xuân, tỉnh Tuyên Quang, Việt Nam.",21.819219365629756,105.21187184976395,https://booking.muongthanh.com/khach-san-muong-thanh-grand-tuyen-quang,https://booking.muongthanh.com/khach-san-muong-thanh-grand-tuyen-quang,muongthanh:46
Mường Thanh Grand Đà Nẵng,Đà Nẵng,"Số 962 Đường Ngô Quyền, Phường An Hải Nam, Thành phố Đà Nẵng, Việt Nam.",16.064821339557913,108.23050277412823,https://booking.muongthanh.com/khach-san-muong-thanh-grand-da-nang,https://booking.muongthanh.com/khach-san-muong-thanh-grand-da-nang,muongthanh:48
Mường Thanh Luxury Cần Thơ,Cần Thơ,"Khu E1, Cồn Cái Khế, Phường Cái Khế, Thành phố Cần Thơ, Việt Nam.",10.0424887,105.75428651083983,https://booking.muongthanh.com/khach-san-muong-thanh-luxury-can-tho,https://booking.muongthanh.com/khach-san-muong-thanh-luxury-can-tho,muongthanh:49
Mường Thanh Grand Sài Gòn Centre,Hồ Chí Minh,"Số 8-8A Mạc Đĩnh Chi, Phường Sài Gòn, Thành phố Hồ Chí Minh, Việt Nam",10.78604959073268,106.6965412132066,https://booking.muongthanh.com/khach-san-muong-thanh-grand-sai-gon-centre,https://booking.muongthanh.com/khach-san-muong-thanh-grand-sai-gon-centre,muongthanh:51
Mường Thanh Luxury Phú Quốc,An Giang,"Lô CH1, Khu phức hợp Bãi Trường, Ấp Đường Bào, đặc khu Phú Quốc, An Giang, Việt Nam",10.132447592760448,103.9781499142196,https://booking.muongthanh.com/khach-san-muong-thanh-luxury-phu-quoc,https://booking.muongthanh.com/khach-san-muong-thanh-luxury-phu-quoc,muongthanh:52
Mường Thanh Luxury Sông Hàn,Đà Nẵng,"115 Nguyễn Văn Linh, Phường Hải Châu, Thành phố Đà Nẵng, Việt Nam.",16.060491777402767,108.2166903492971,https://booking.muongthanh.com/khach-san-muong-thanh-luxury-song-han,https://booking.muongthanh.com/khach-san-muong-thanh-luxury-song-han,muongthanh:55
Mường Thanh Grand Bãi Cháy,Quảng Ninh,"Số 20, đường Hạ Long, Phường Bãi Cháy, Tỉnh Quảng Ninh, Việt Nam.",20.95831200042484,106.98882797490961,https://booking.muongthanh.com/khach-san-muong-thanh-grand-bai-chay,https://booking.muongthanh.com/khach-san-muong-thanh-grand-bai-chay,muongthanh:56
Mường Thanh Luxury Sài Gòn,Hồ Chí Minh,"Số 261C, Đường Nguyễn Văn Trỗi, Phường Phú Nhuận, TP Hồ Chí Minh, Việt Nam.",10.79835197776538,106.67128361705778,https://booking.muongthanh.com/khach-san-muong-thanh-luxury-sai-gon,https://booking.muongthanh.com/khach-san-muong-thanh-luxury-sai-gon,muongthanh:57
Mường Thanh Luxury Hạ Long Centre II,Quảng Ninh,"Khu 2 Đường Hạ Long, Phường Bãi Cháy, Tỉnh Quảng Ninh, Việt Nam.",20.955864047592204,107.0438010715513,https://booking.muongthanh.com/khach-san-muong-thanh-luxury-ha-long-centre-2,https://booking.muongthanh.com/khach-san-muong-thanh-luxury-ha-long-centre-2,muongthanh:64
Mường Thanh Grand Quảng Trị,Quảng Trị,"Số 68 Lê Duẩn, phường Đông Hà, tỉnh Quảng Trị, Việt Nam",16.817550475306458,107.1038812760136,https://booking.muongthanh.com/khach-san-muong-thanh-grand-quang-tri,https://booking.muongthanh.com/khach-san-muong-thanh-grand-quang-tri,muongthanh:41
Mường Thanh Luxury Viễn Triều,Khánh Hòa,"Khu Bãi Dương, đường Hòn Chồng, phường Bắc Nha Trang, tỉnh Khánh Hòa, Việt Nam.",12.274132295773674,109.20161947161746,https://booking.muongthanh.com/khach-san-muong-thanh-luxury-vien-trieu,https://booking.muongthanh.com/khach-san-muong-thanh-luxury-vien-trieu,muongthanh:18
Mường Thanh Luxury Đà Nẵng,Đà Nẵng,"270 đường Võ Nguyên Giáp, phường Ngũ Hành Sơn, Thành phố Đà Nẵng, Việt Nam",16.0537175,108.2473636,https://booking.muongthanh.com/khach-san-muong-thanh-luxury-da-nang,https://booking.muongthanh.com/khach-san-muong-thanh-luxury-da-nang,muongthanh:47
Mường Thanh Luxury Khánh Hòa,Khánh Hòa,"Khu 1 - Khu dân cư Cồn Tân Lập, Phường Nha Trang, Tỉnh Khánh Hòa, Việt Nam.",12.247786627535403,109.18664278040048,https://booking.muongthanh.com/khach-san-muong-thanh-luxury-khanh-hoa,https://booking.muongthanh.com/khach-san-muong-thanh-luxury-khanh-hoa,muongthanh:19
Mường Thanh Holiday Đà Lạt,Lâm Đồng,"Số 42, đường Phan Bội Châu, Phường Xuân Hương, Tỉnh Lâm Đồng, Việt Nam",11.943849291535887,108.43758801519986,https://booking.muongthanh.com/khach-san-muong-thanh-holiday-da-lat,https://booking.muongthanh.com/khach-san-muong-thanh-holiday-da-lat,muongthanh:21
Mường Thanh Vinh,Nghệ An,"Số 1 Phan Bội Châu, Phường Vinh Hưng, tỉnh Nghệ An, Việt Nam.",18.687831,105.666319,https://booking.muongthanh.com/khach-san-muong-thanh-vinh,https://booking.muongthanh.com/khach-san-muong-thanh-vinh,muongthanh:1
Mường Thanh Cửa Đông,Nghệ An,"Số 167, Đường Nguyễn Phong Sắc, Phường Trường Vinh, Tỉnh Nghệ An, Việt Nam.",18.685959064103628,105.69709157405062,https://booking.muongthanh.com/khach-san-muong-thanh-cua-dong,https://booking.muongthanh.com/khach-san-muong-thanh-cua-dong,muongthanh:33
Mường Thanh Holiday Suối Mơ,Quảng Ninh,"Tổ 7 khu 4, phường Bãi Cháy, tỉnh Quảng Ninh, Việt Nam.",20.9578103,107.0473162,https://booking.muongthanh.com/khach-san-muong-thanh-holiday-suoi-mo,https://booking.muongthanh.com/khach-san-muong-thanh-holiday-suoi-mo,muongthanh:58
Mường Thanh Grand Hà Nội,Hà Nội,"Lô CC2 Khu Bắc Linh Đàm, phường Định Công, thành phố Hà Nội, Việt Nam",20.96954959517414,105.82474221437728,https://booking.muongthanh.com/khach-san-muong-thanh-grand-ha-noi,https://booking.muongthanh.com/khach-san-muong-thanh-grand-ha-noi,muongthanh:7
Mường Thanh Luxury Hạ Long Centre,Quảng Ninh,"Đường Hạ Long, Phường Bãi Cháy, Tỉnh Quảng Ninh, Việt Nam.",20.9557105,107.0480095,https://booking.muongthanh.com/khach-san-muong-thanh-luxury-ha-long-centre,https://booking.muongthanh.com/khach-san-muong-thanh-luxury-ha-long-centre,muongthanh:60
Hotel de la Coupole Sapa,Lào Cai,"1,Hoang Lien Street, Sapa District, Lao Cai Province, 33000 Sapa, Vietnam",22.334686,103.840433,https://www.hoteldelacoupole.com/,https://www.booking.com/hotel/vn/de-la-coupole-mgallery-by-sofitel.html?checkin=2026-11-04&checkout=2026-11-05&group_adults=2&no_rooms=1&group_children=0&selected_currency=USD&lang=en-us,publisher:de-la-coupole
Hotel Nikko Hai Phong,Hải Phòng,"Waterfront City Lot C, Vinh Niem Ward, Le Chan District, Hai Phong, Vietnam",20.823747,106.690763,https://www.hotelnikkohaiphong.com.vn/,https://www.booking.com/hotel/vn/nikko-hai-phong.html?checkin=2026-11-04&checkout=2026-11-05&group_adults=2&no_rooms=1&group_children=0&selected_currency=USD&lang=en-us,publisher:nikko-haiphong
Khách sạn Sông Tiền,Đồng Tháp,"101 Trung Trac, Mỹ Tho, Vietnam",10.3556078793125,106.367965936661,https://songtienhotel.tiengiangtourist.com/vi.html,https://www.booking.com/hotel/vn/khach-san-song-tien.html?checkin=2026-11-04&checkout=2026-11-05&group_adults=2&no_rooms=1&group_children=0&selected_currency=USD&lang=en-us,publisher:songtien
Meliá Vinpearl Tay Ninh,Tây Ninh,"No 90 Le Duan Street, Ward 3, Tay Ninh City, Tay Ninh Province, Tây Ninh, Vietnam",11.317551,106.103836,https://www.melia.com/en/hotels/vietnam/tay-ninh/melia-vinpearl-tay-ninh,https://www.booking.com/hotel/vn/vinpearl-tay-ninh.html?checkin=2026-11-04&checkout=2026-11-05&group_adults=2&no_rooms=1&group_children=0&selected_currency=USD&lang=en-us,publisher:melia-tayninh
May Plaza Hotel,Thái Nguyên,"668 Phan Đinh Phùng, phường Đồng Quang, TP Thái Nguyên, Thái Nguyên, Vietnam",21.5782896,105.8327195,https://mayplazahotel.com/khach-san-may-plaza/,https://www.booking.com/hotel/vn/may-plaza.html?checkin=2026-11-04&checkout=2026-11-05&group_adults=2&no_rooms=1&group_children=0&selected_currency=USD&lang=en-us,publisher:mayplaza
Adamo Hotel Hưng Yên,Hưng Yên,"Thị Thư, Tân Lập, Yên Mỹ, Hưng Yên, 17713 Hưng Yên, Vietnam",20.8904336606799,106.046689820199,https://adamohotelhungyen.com/,https://www.booking.com/hotel/vn/adamo-hung-yen.html?checkin=2026-11-04&checkout=2026-11-05&group_adults=2&no_rooms=1&group_children=0&selected_currency=USD&lang=en-us,publisher:adamo-hungyen
Aurora Hotel Plaza,Đồng Nai,"253 Pham Van Thuan, Tan Mai Ward, Bien Hoa, Vietnam",10.95730279761,106.844712493254,https://aurorahotelplaza.com/,https://www.booking.com/hotel/vn/aurora-plaza.html?checkin=2026-11-04&checkout=2026-11-05&group_adults=2&no_rooms=1&group_children=0&selected_currency=USD&lang=en-us,publisher:aurora-dongnai
Mekong Pottery Homestay,Vĩnh Long,"209A/15 Mười Bốn Tháng Chín Street, Thanh Đức Hamlet, Long Hồ District, 891311 Vĩnh Long, Vietnam",10.2586103124456,105.996144265909,https://mekongpotteryhomestay.com/,https://www.booking.com/hotel/vn/mekong-pottery-homestay-dbl-1-thanh-pho-vinh-long.html?checkin=2026-11-04&checkout=2026-11-05&group_adults=2&no_rooms=1&group_children=0&selected_currency=VND&lang=en-us,publisher:mekong-pottery
Mường Thanh Holiday Lý Sơn,Quảng Ngãi,"Thôn Đông An Vĩnh, đặc khu Lý Sơn, Tỉnh Quảng Ngãi, Việt Nam",15.3710321736806,109.116433057934,https://booking.muongthanh.com/khach-san-muong-thanh-holiday-ly-son,https://www.booking.com/hotel/vn/muong-thanh-holiday-ly-son.html?checkin=2026-11-04&checkout=2026-11-05&group_adults=2&no_rooms=1&group_children=0&selected_currency=VND&lang=en-us,muongthanh:38
