name,province,latitude,longitude,wikipedia,google_maps,cloudinary_image,author,license,license_url,photo_source,modification
Vườn quốc gia Phong Nha – Kẻ Bàng,Quảng Trị,17.53722222,106.15125,https://vi.wikipedia.org/wiki/V%C6%B0%E1%BB%9Dn_qu%E1%BB%91c_gia_Phong_Nha_%E2%80%93_K%E1%BA%BB_B%C3%A0ng,https://www.google.com/maps/search/?api=1&query=V%C6%B0%E1%BB%9Dn+qu%E1%BB%91c+gia+Phong+Nha+%E2%80%93+K%E1%BA%BB+B%C3%A0ng+Vi%E1%BB%87t+Nam+17.53722222%2C106.15125,https://res.cloudinary.com/p1kxfhlw/image/upload/v1791132105/admin-uploads/seeder/f929882d68280f837046048c94df05b156c3167de84108672ff6a5a4a8b33e60.webp,Genghiskhanviet,Public domain,,https://commons.wikimedia.org/wiki/File:Phongnhakebang6.jpg,Resized and converted to WebP; source photograph license retained
Vườn quốc gia Tam Đảo,Phú Thọ,21.479,105.62895833,https://vi.wikipedia.org/wiki/V%C6%B0%E1%BB%9Dn_qu%E1%BB%91c_gia_Tam_%C4%90%E1%BA%A3o,https://www.google.com/maps/search/?api=1&query=V%C6%B0%E1%BB%9Dn+qu%E1%BB%91c+gia+Tam+%C4%90%E1%BA%A3o+Vi%E1%BB%87t+Nam+21.479%2C105.62895833,https://res.cloudinary.com/p1kxfhlw/image/upload/v1791132111/admin-uploads/seeder/e7c4e266a83d047b7a137e1ae74529b91c93a871f488aa91840afbb5c80bea46.webp,Viethavvh,Public domain,,https://commons.wikimedia.org/wiki/File:Tam_Dao_mountain_range.jpg,Resized and converted to WebP; source photograph license retained
Vườn quốc gia Núi Chúa,Khánh Hòa,11.70027778,109.15277778,https://vi.wikipedia.org/wiki/V%C6%B0%E1%BB%9Dn_qu%E1%BB%91c_gia_N%C3%BAi_Ch%C3%BAa,https://www.google.com/maps/search/?api=1&query=V%C6%B0%E1%BB%9Dn+qu%E1%BB%91c+gia+N%C3%BAi+Ch%C3%BAa+Vi%E1%BB%87t+Nam+11.70027778%2C109.15277778,https://res.cloudinary.com/p1kxfhlw/image/upload/v1791132117/admin-uploads/seeder/789bd75b10a94b4a16512c46bd3ec1015ae3c4f3a6a77e80c28b8f3d563ed92c.webp,Suriya Vij,Public domain,,"https://commons.wikimedia.org/wiki/File:Lo_O_Stream,_Nui_Chua_National_Park.jpg",Resized and converted to WebP; source photograph license retained
Vườn quốc gia Bái Tử Long,Quảng Ninh,21.1,107.63333333,https://vi.wikipedia.org/wiki/V%C6%B0%E1%BB%9Dn_qu%E1%BB%91c_gia_B%C3%A1i_T%E1%BB%AD_Long,https://www.google.com/maps/search/?api=1&query=V%C6%B0%E1%BB%9Dn+qu%E1%BB%91c+gia+B%C3%A1i+T%E1%BB%AD+Long+Vi%E1%BB%87t+Nam+21.1%2C107.63333333,https://res.cloudinary.com/p1kxfhlw/image/upload/v1791132123/admin-uploads/seeder/62d1056eff5201356b558262d54df4933af64a620e712be515cbd459e5efd850.webp,Viethavvh at Vietnamese Wikipedia,CC BY-SA 3.0,https://creativecommons.org/licenses/by-sa/3.0,https://commons.wikimedia.org/wiki/File:B%C3%A1i_T%E1%BB%AD_Long.jpg,Resized and converted to WebP; source photograph license retained
Vườn quốc gia Ea Sô,Đắk Lắk,12.938229,108.650822,https://vi.wikipedia.org/wiki/V%C6%B0%E1%BB%9Dn_qu%E1%BB%91c_gia_Ea_S%C3%B4,https://www.google.com/maps/search/?api=1&query=V%C6%B0%E1%BB%9Dn+qu%E1%BB%91c+gia+Ea+S%C3%B4+Vi%E1%BB%87t+Nam+12.938229%2C108.650822,https://res.cloudinary.com/p1kxfhlw/image/upload/v1791132127/admin-uploads/seeder/14538d0272aa6ef89e5f6ecca751411d7a257acc9f2db351bce3f3ae996814e7.webp,Dotuanhungdaklak,CC BY-SA 3.0,http://creativecommons.org/licenses/by-sa/3.0/,https://commons.wikimedia.org/wiki/File:Easo.JPG,Resized and converted to WebP; source photograph license retained
Vườn quốc gia Phja Oắc – Phja Đén,Cao Bằng,22.58333333,105.88333333,https://vi.wikipedia.org/wiki/V%C6%B0%E1%BB%9Dn_qu%E1%BB%91c_gia_Phja_O%E1%BA%AFc_%E2%80%93_Phja_%C4%90%C3%A9n,https://www.google.com/maps/search/?api=1&query=V%C6%B0%E1%BB%9Dn+qu%E1%BB%91c+gia+Phja+O%E1%BA%AFc+%E2%80%93+Phja+%C4%90%C3%A9n+Vi%E1%BB%87t+Nam+22.58333333%2C105.88333333,https://res.cloudinary.com/p1kxfhlw/image/upload/v1791132132/admin-uploads/seeder/baa5c8b637e0fec9491179451e51d1270b715f6a00b252d8b3ff635e3b5f86a4.webp,Gió Đông ( thảo luận ),Public domain,,https://commons.wikimedia.org/wiki/File:Rung_suong_mu_Phia_Oac.JPG,Resized and converted to WebP; source photograph license retained
Khu du lịch Núi Bà Đen,Tây Ninh,11.381431,106.171175,https://vi.wikipedia.org/wiki/Khu_du_l%E1%BB%8Bch_N%C3%BAi_B%C3%A0_%C4%90en,https://www.google.com/maps/search/?api=1&query=Khu+du+l%E1%BB%8Bch+N%C3%BAi+B%C3%A0+%C4%90en+Vi%E1%BB%87t+Nam+11.381431%2C106.171175,https://res.cloudinary.com/p1kxfhlw/image/upload/v1791132137/admin-uploads/seeder/f38ea7ddd8d2533612d048eb79cf26916a77f3d49661f5872e6ecdf768128fe6.webp,Trung Quân,CC BY 2.0,https://creativecommons.org/licenses/by/2.0,https://commons.wikimedia.org/wiki/File:Qu%E1%BA%A7n_th%E1%BB%83_ch%C3%B9a_Th%C6%B0%E1%BB%A3ng_%E1%BB%9F_n%C3%BAi_B%C3%A0_%C4%90en.png,Resized and converted to WebP; source photograph license retained
Mũi Né,Lâm Đồng,10.98189308,108.25138716,https://vi.wikipedia.org/wiki/M%C5%A9i_N%C3%A9,https://www.google.com/maps/search/?api=1&query=M%C5%A9i+N%C3%A9+Vi%E1%BB%87t+Nam+10.98189308%2C108.25138716,https://res.cloudinary.com/p1kxfhlw/image/upload/v1791132145/admin-uploads/seeder/0322993ac922b0567c58b820d10c1f722ecad4c4cc0908e0b124a81a71971e2e.webp,Woong Deewaa,CC BY-SA 4.0,https://creativecommons.org/licenses/by-sa/4.0,https://commons.wikimedia.org/wiki/File:M%C5%A9i_N%C3%A9_Fishing_Village.jpg,Resized and converted to WebP; source photograph license retained
Biển Ba Động,Vĩnh Long,9.624517,106.561493,https://vi.wikipedia.org/wiki/Bi%E1%BB%83n_Ba_%C4%90%E1%BB%99ng,https://www.google.com/maps/search/?api=1&query=Bi%E1%BB%83n+Ba+%C4%90%E1%BB%99ng+Vi%E1%BB%87t+Nam+9.624517%2C106.561493,https://res.cloudinary.com/p1kxfhlw/image/upload/v1791132149/admin-uploads/seeder/366d8d7f78ec22317e8eb683be1519ed348088090e7dd8abb023896c7418665c.webp,Dangkhoadora,CC BY-SA 4.0,https://creativecommons.org/licenses/by-sa/4.0,https://commons.wikimedia.org/wiki/File:Th%E1%BB%8B_x%C3%A3_Duy%C3%AAn_H%E1%BA%A3i.jpg,Resized and converted to WebP; source photograph license retained
Bãi tắm Hoàng Hậu,Gia Lai,13.74277778,109.21583333,https://vi.wikipedia.org/wiki/B%C3%A3i_t%E1%BA%AFm_Ho%C3%A0ng_H%E1%BA%ADu,https://www.google.com/maps/search/?api=1&query=B%C3%A3i+t%E1%BA%AFm+Ho%C3%A0ng+H%E1%BA%ADu+Vi%E1%BB%87t+Nam+13.74277778%2C109.21583333,https://res.cloudinary.com/p1kxfhlw/image/upload/v1791132152/admin-uploads/seeder/1713e9c76267826042fd51261e6bccc74d338c155337b8d7dfd50b154c298445.webp,"My aunt/Dì tôi, đã cho phép tôi sử dụng ảnh này",CC BY-SA 2.0,https://creativecommons.org/licenses/by-sa/2.0,https://commons.wikimedia.org/wiki/File:Hoang_Hau_Beach_-_B%C3%A3i_t%E1%BA%AFm_Ho%C3%A0ng_H%E1%BA%ADu.jpg,Resized and converted to WebP; source photograph license retained
Khu di tích lịch sử Kim Liên,Nghệ An,18.67986111,105.552,https://vi.wikipedia.org/wiki/Khu_di_t%C3%ADch_l%E1%BB%8Bch_s%E1%BB%AD_Kim_Li%C3%AAn,https://www.google.com/maps/search/?api=1&query=Khu+di+t%C3%ADch+l%E1%BB%8Bch+s%E1%BB%AD+Kim+Li%C3%AAn+Vi%E1%BB%87t+Nam+18.67986111%2C105.552,https://res.cloudinary.com/p1kxfhlw/image/upload/v1791132160/admin-uploads/seeder/cdafeafdef02f95cb9e54dddaeaeeb4885254e2e47d74e12dc465af58cd6f90b.webp,Liftold at Vietnamese Wikipedia,CC BY-SA 3.0,https://creativecommons.org/licenses/by-sa/3.0,https://commons.wikimedia.org/wiki/File:Kim_Lien_Monuments_Park.JPG,Resized and converted to WebP; source photograph license retained
Công viên Lê-nin,Hà Nội,21.031685,105.839415,https://vi.wikipedia.org/wiki/C%C3%B4ng_vi%C3%AAn_L%C3%AA-nin,https://www.google.com/maps/search/?api=1&query=C%C3%B4ng+vi%C3%AAn+L%C3%AA-nin+Vi%E1%BB%87t+Nam+21.031685%2C105.839415,https://res.cloudinary.com/p1kxfhlw/image/upload/v1791132164/admin-uploads/seeder/9260a5c66b000594216470596f941f07e238c573fa5028a48708eefd48026450.webp,Rungbachduong,CC BY-SA 3.0,http://creativecommons.org/licenses/by-sa/3.0/,https://commons.wikimedia.org/wiki/File:Lenin_Park_Hanoi.JPG,Resized and converted to WebP; source photograph license retained
Bảo tàng Lâm Đồng,Lâm Đồng,11.94064444,108.459875,https://vi.wikipedia.org/wiki/B%E1%BA%A3o_t%C3%A0ng_L%C3%A2m_%C4%90%E1%BB%93ng,https://www.google.com/maps/search/?api=1&query=B%E1%BA%A3o+t%C3%A0ng+L%C3%A2m+%C4%90%E1%BB%93ng+Vi%E1%BB%87t+Nam+11.94064444%2C108.459875,https://res.cloudinary.com/p1kxfhlw/image/upload/v1791132170/admin-uploads/seeder/aa02e5a735926ba8670be3b650f65c5b44d5c8c144bf4d848ba293a89099bdea.webp,Diane Selwyn ( talk ),Public domain,,https://commons.wikimedia.org/wiki/File:Lam_Dong_Museum_01.JPG,Resized and converted to WebP; source photograph license retained
Bảo tàng Cổ vật Cung đình Huế,Huế,16.471311,107.581935,https://vi.wikipedia.org/wiki/B%E1%BA%A3o_t%C3%A0ng_C%E1%BB%95_v%E1%BA%ADt_Cung_%C4%91%C3%ACnh_Hu%E1%BA%BF,https://www.google.com/maps/search/?api=1&query=B%E1%BA%A3o+t%C3%A0ng+C%E1%BB%95+v%E1%BA%ADt+Cung+%C4%91%C3%ACnh+Hu%E1%BA%BF+Vi%E1%BB%87t+Nam+16.471311%2C107.581935,https://res.cloudinary.com/p1kxfhlw/image/upload/v1791132176/admin-uploads/seeder/7d61d1bca9ec51e1bb9e4278a00fcaef349bcc277e6b6192da5dd0d574e05a0b.webp,Gin The Wanderer,CC BY 2.0,https://creativecommons.org/licenses/by/2.0,https://commons.wikimedia.org/wiki/File:B%E1%BA%A3o_t%C3%A0ng_C%E1%BB%95_v%E1%BA%ADt_Cung_%C4%91%C3%ACnh_Hu%E1%BA%BF_(15245479432).jpg,Resized and converted to WebP; source photograph license retained
"Bảo tàng Quân khu 5, Đà Nẵng",Đà Nẵng,16.0487,108.2177,"https://vi.wikipedia.org/wiki/B%E1%BA%A3o_t%C3%A0ng_Qu%C3%A2n_khu_5,_%C4%90%C3%A0_N%E1%BA%B5ng",https://www.google.com/maps/search/?api=1&query=B%E1%BA%A3o+t%C3%A0ng+Qu%C3%A2n+khu+5%2C+%C4%90%C3%A0+N%E1%BA%B5ng+Vi%E1%BB%87t+Nam+16.0487%2C108.2177,https://res.cloudinary.com/p1kxfhlw/image/upload/v1791132181/admin-uploads/seeder/0648db8da4d5e33bd7632ce80b0937fbfca72821f91ef75fce74b176c71610b4.webp,Mztourist,CC BY-SA 4.0,https://creativecommons.org/licenses/by-sa/4.0,https://commons.wikimedia.org/wiki/File:Entrance_to_Zone_5_Military_Museum.JPG,Resized and converted to WebP; source photograph license retained
Bảo tàng Gốm sứ Mậu dịch,Đà Nẵng,15.87722222,108.32972222,https://vi.wikipedia.org/wiki/B%E1%BA%A3o_t%C3%A0ng_G%E1%BB%91m_s%E1%BB%A9_M%E1%BA%ADu_d%E1%BB%8Bch,https://www.google.com/maps/search/?api=1&query=B%E1%BA%A3o+t%C3%A0ng+G%E1%BB%91m+s%E1%BB%A9+M%E1%BA%ADu+d%E1%BB%8Bch+Vi%E1%BB%87t+Nam+15.87722222%2C108.32972222,https://res.cloudinary.com/p1kxfhlw/image/upload/v1791132189/admin-uploads/seeder/a8927445d57c63adabe6f1fc19302992f51ba916648e9bae8cd167bc2fb573b7.webp,Steffen Schmitz ( more photos ),CC BY-SA 4.0,https://creativecommons.org/licenses/by-sa/4.0,"https://commons.wikimedia.org/wiki/File:H%E1%BB%99i_An,_Museum_of_Trade_Ceramics,_2020-01_CN-02.jpg",Resized and converted to WebP; source photograph license retained
Động Hương Tích,Hà Nội,20.61305556,105.73444444,https://vi.wikipedia.org/wiki/%C4%90%E1%BB%99ng_H%C6%B0%C6%A1ng_T%C3%ADch,https://www.google.com/maps/search/?api=1&query=%C4%90%E1%BB%99ng+H%C6%B0%C6%A1ng+T%C3%ADch+Vi%E1%BB%87t+Nam+20.61305556%2C105.73444444,https://res.cloudinary.com/p1kxfhlw/image/upload/v1791132192/admin-uploads/seeder/414ef56325fb12af1545f1faa879fc8db9b11ca4dcb274b493e0dccf2d57cb81.webp,"Everjean from Antwerp, Belgium",CC BY 2.0,https://creativecommons.org/licenses/by/2.0,"https://commons.wikimedia.org/wiki/File:%C4%90%E1%BB%A5n_G%E1%BA%A1o,_ch%C3%B9a_H%C6%B0%C6%A1ng.jpg",Resized and converted to WebP; source photograph license retained
Hòn Bà (Vũng Tàu),Hồ Chí Minh,10.324,107.08927778,https://vi.wikipedia.org/wiki/H%C3%B2n_B%C3%A0_(V%C5%A9ng_T%C3%A0u),https://www.google.com/maps/search/?api=1&query=H%C3%B2n+B%C3%A0+%28V%C5%A9ng+T%C3%A0u%29+Vi%E1%BB%87t+Nam+10.324%2C107.08927778,https://res.cloudinary.com/p1kxfhlw/image/upload/v1791132201/admin-uploads/seeder/fb4417bb6d83d36ae59c0bce22e3c22cc125cfbdc0d4dd67b01ebb4915caff98.webp,BrightRaven,CC BY 3.0,https://creativecommons.org/licenses/by/3.0,https://commons.wikimedia.org/wiki/File:Vung_Tau_Hon_Ba.JPG,Resized and converted to WebP; source photograph license retained
Hang Sửng Sốt,Quảng Ninh,20.844753,107.090432,https://vi.wikipedia.org/wiki/Hang_S%E1%BB%ADng_S%E1%BB%91t,https://www.google.com/maps/search/?api=1&query=Hang+S%E1%BB%ADng+S%E1%BB%91t+Vi%E1%BB%87t+Nam+20.844753%2C107.090432,https://res.cloudinary.com/p1kxfhlw/image/upload/v1791132204/admin-uploads/seeder/13fee5e01d06ef83329ee57fd3b8941438e96aa6f60675b945ef244c7d8be6f7.webp,audrey_sel,CC BY-SA 2.0,https://creativecommons.org/licenses/by-sa/2.0,https://commons.wikimedia.org/wiki/File:Hang_S%E1%BB%ADng_S%E1%BB%91t_2.jpg,Resized and converted to WebP; source photograph license retained
Thác Bạc (Sa Pa),Lào Cai,22.361626,103.778912,https://vi.wikipedia.org/wiki/Th%C3%A1c_B%E1%BA%A1c_(Sa_Pa),https://www.google.com/maps/search/?api=1&query=Th%C3%A1c+B%E1%BA%A1c+%28Sa+Pa%29+Vi%E1%BB%87t+Nam+22.361626%2C103.778912,https://res.cloudinary.com/p1kxfhlw/image/upload/v1791132209/admin-uploads/seeder/7d861208828058fbc21aec2c8fa9650f947931cb649f0a35f1e8ce50b3cff0de.webp,Lori_NY,CC BY-SA 2.0,https://creativecommons.org/licenses/by-sa/2.0,https://commons.wikimedia.org/wiki/File:Thacbac3.jpg,Resized and converted to WebP; source photograph license retained
Thác Bạc Tú Sơn,Phú Thọ,20.708462,105.419668,https://vi.wikipedia.org/wiki/Th%C3%A1c_B%E1%BA%A1c_T%C3%BA_S%C6%A1n,https://www.google.com/maps/search/?api=1&query=Th%C3%A1c+B%E1%BA%A1c+T%C3%BA+S%C6%A1n+Vi%E1%BB%87t+Nam+20.708462%2C105.419668,https://res.cloudinary.com/p1kxfhlw/image/upload/v1791132218/admin-uploads/seeder/46a1966dd830b4116adcc56af5ae7d1d80de931cee653c81dab50c4b47db7db0.webp,Viethavvh at vi.wikipedia,Public domain,,https://commons.wikimedia.org/wiki/File:Thac_bac_Long_Cung.jpg,Resized and converted to WebP; source photograph license retained
Thác K50,Gia Lai,14.51944444,108.60611111,https://vi.wikipedia.org/wiki/Th%C3%A1c_K50,https://www.google.com/maps/search/?api=1&query=Th%C3%A1c+K50+Vi%E1%BB%87t+Nam+14.51944444%2C108.60611111,https://res.cloudinary.com/p1kxfhlw/image/upload/v1791132229/admin-uploads/seeder/4eb2ec6eb3c5ff4f753d573615bdc8ffc1562bc10aa7167b66478b51168320c5.webp,VinhNguyen.1257,CC0,http://creativecommons.org/publicdomain/zero/1.0/deed.en,https://commons.wikimedia.org/wiki/File:K50_Waterfall_Kon_Chu_Rang_Nature_Reserve_Gia_Lai_Vietnam.png,Resized and converted to WebP; source photograph license retained
Thác Giang Điền,Đồng Nai,10.921673,106.983357,https://vi.wikipedia.org/wiki/Th%C3%A1c_Giang_%C4%90i%E1%BB%81n,https://www.google.com/maps/search/?api=1&query=Th%C3%A1c+Giang+%C4%90i%E1%BB%81n+Vi%E1%BB%87t+Nam+10.921673%2C106.983357,https://res.cloudinary.com/p1kxfhlw/image/upload/v1791132235/admin-uploads/seeder/a6bc2bb103d25b873a5f7f8c52d2851cd35056c396d79906787f7ec6963e7953.webp,Prenn,CC BY-SA 3.0,https://creativecommons.org/licenses/by-sa/3.0,https://commons.wikimedia.org/wiki/File:Giang_Dien_Waterfall.JPG,Resized and converted to WebP; source photograph license retained
Thác Dải Yếm,Sơn La,20.820206,104.591076,https://vi.wikipedia.org/wiki/Th%C3%A1c_D%E1%BA%A3i_Y%E1%BA%BFm,https://www.google.com/maps/search/?api=1&query=Th%C3%A1c+D%E1%BA%A3i+Y%E1%BA%BFm+Vi%E1%BB%87t+Nam+20.820206%2C104.591076,https://res.cloudinary.com/p1kxfhlw/image/upload/v1791132238/admin-uploads/seeder/d99492cd3d263cd87768399baad9cf78fa09e02ab949a85017343f1423f40041.webp,ePi.Longo,CC BY-SA 2.0,https://creativecommons.org/licenses/by-sa/2.0,https://commons.wikimedia.org/wiki/File:Thacdaiyem.jpg,Resized and converted to WebP; source photograph license retained
Thác H'Ly,Đắk Lắk,12.832465,108.920394,https://vi.wikipedia.org/wiki/Th%C3%A1c_H%27Ly,https://www.google.com/maps/search/?api=1&query=Th%C3%A1c+H%27Ly+Vi%E1%BB%87t+Nam+12.832465%2C108.920394,https://res.cloudinary.com/p1kxfhlw/image/upload/v1791132241/admin-uploads/seeder/5f08a40d3227fd15ace48e82005a9bc5dbbf54b965b6622c4e9578871e3cc36c.webp,Kimkha,CC BY-SA 4.0,https://creativecommons.org/licenses/by-sa/4.0,https://commons.wikimedia.org/wiki/File:Map_of_Phu_Yen.png,Resized and converted to WebP; source photograph license retained
Khu bảo tồn thiên nhiên Lung Ngọc Hoàng,Cần Thơ,9.72275,105.69991667,https://vi.wikipedia.org/wiki/Khu_b%E1%BA%A3o_t%E1%BB%93n_thi%C3%AAn_nhi%C3%AAn_Lung_Ng%E1%BB%8Dc_Ho%C3%A0ng,https://www.google.com/maps/search/?api=1&query=Khu+b%E1%BA%A3o+t%E1%BB%93n+thi%C3%AAn+nhi%C3%AAn+Lung+Ng%E1%BB%8Dc+Ho%C3%A0ng+Vi%E1%BB%87t+Nam+9.72275%2C105.69991667,https://res.cloudinary.com/p1kxfhlw/image/upload/v1791132247/admin-uploads/seeder/3c46fcaa90b742a9762480b617d039d027e8eda402f2f63f8d21b548224f0279.webp,Kantcer,CC BY-SA 4.0,https://creativecommons.org/licenses/by-sa/4.0,https://commons.wikimedia.org/wiki/File:Lung_Ngoc_Hoang_Trees.jpg,Resized and converted to WebP; source photograph license retained
Khu Bảo tồn thiên nhiên Mường Nhé,Điện Biên,22.29361111,102.39833333,https://vi.wikipedia.org/wiki/Khu_B%E1%BA%A3o_t%E1%BB%93n_thi%C3%AAn_nhi%C3%AAn_M%C6%B0%E1%BB%9Dng_Nh%C3%A9,https://www.google.com/maps/search/?api=1&query=Khu+B%E1%BA%A3o+t%E1%BB%93n+thi%C3%AAn+nhi%C3%AAn+M%C6%B0%E1%BB%9Dng+Nh%C3%A9+Vi%E1%BB%87t+Nam+22.29361111%2C102.39833333,https://res.cloudinary.com/p1kxfhlw/image/upload/v1791132255/admin-uploads/seeder/5f9aa165911eb2340f724cf9b36f49d44e1a12b8add1b121c0a41c99aa87b34d.webp,Dratharr,CC BY-SA 4.0,https://creativecommons.org/licenses/by-sa/4.0,https://commons.wikimedia.org/wiki/File:2002.muong_nhe_1.jpg,Resized and converted to WebP; source photograph license retained
Động Thiên Đường,Quảng Trị,17.519514,106.222972,https://vi.wikipedia.org/wiki/%C4%90%E1%BB%99ng_Thi%C3%AAn_%C4%90%C6%B0%E1%BB%9Dng,https://www.google.com/maps/search/?api=1&query=%C4%90%E1%BB%99ng+Thi%C3%AAn+%C4%90%C6%B0%E1%BB%9Dng+Vi%E1%BB%87t+Nam+17.519514%2C106.222972,https://res.cloudinary.com/p1kxfhlw/image/upload/v1791132266/admin-uploads/seeder/1529e6df75356a3a72ae69939db261bb97353d63ce6f55178ddaf772065d9917.webp,Preparetavalise.com,CC BY-SA 4.0,https://creativecommons.org/licenses/by-sa/4.0,https://commons.wikimedia.org/wiki/File:Grotte_Thien_Duong.jpg,Resized and converted to WebP; source photograph license retained
Thác Đa,Hà Nội,21.068803,105.420642,https://vi.wikipedia.org/wiki/Th%C3%A1c_%C4%90a,https://www.google.com/maps/search/?api=1&query=Th%C3%A1c+%C4%90a+Vi%E1%BB%87t+Nam+21.068803%2C105.420642,https://res.cloudinary.com/p1kxfhlw/image/upload/v1791133327/admin-uploads/seeder/f64544c4d4836413c792ff73484cc05a034606820e58415154999b43871a6dbe.webp,Banhtrung1,Public domain,,https://commons.wikimedia.org/wiki/File:Thac_Da_309320223.jpg,Resized and converted to WebP; source photograph license retained
Tháp Trầm Hương,Khánh Hòa,12.24048,109.196797,https://vi.wikipedia.org/wiki/Th%C3%A1p_Tr%E1%BA%A7m_H%C6%B0%C6%A1ng,https://www.google.com/maps/search/?api=1&query=Th%C3%A1p+Tr%E1%BA%A7m+H%C6%B0%C6%A1ng+Vi%E1%BB%87t+Nam+12.24048%2C109.196797,https://res.cloudinary.com/p1kxfhlw/image/upload/v1791133331/admin-uploads/seeder/5616ea3e6b9a4c74937dc26934ffabdb89465d2cd8609e7309299f05c91f46cc.webp,Lưu Ly,CC BY 3.0,https://creativecommons.org/licenses/by/3.0,https://commons.wikimedia.org/wiki/File:Thap_Tram_Huong.JPG,Resized and converted to WebP; source photograph license retained
Thác Bảy Nhánh,Đắk Lắk,12.85427,107.815575,https://vi.wikipedia.org/wiki/Th%C3%A1c_B%E1%BA%A3y_Nh%C3%A1nh,https://www.google.com/maps/search/?api=1&query=Th%C3%A1c+B%E1%BA%A3y+Nh%C3%A1nh+Vi%E1%BB%87t+Nam+12.85427%2C107.815575,https://res.cloudinary.com/p1kxfhlw/image/upload/v1791133340/admin-uploads/seeder/4751a644a19735ccd0f6e91509baaabdce8246bd13dea2fa77a6ce6202ec9ed0.webp,NguyenMii,CC BY-SA 4.0,https://creativecommons.org/licenses/by-sa/4.0,https://commons.wikimedia.org/wiki/File:Camera360_2016_9_1_095841.jpg,Resized and converted to WebP; source photograph license retained
Động Ngao,Cao Bằng,22.845328,106.70617,https://vi.wikipedia.org/wiki/%C4%90%E1%BB%99ng_Ngao,https://www.google.com/maps/search/?api=1&query=%C4%90%E1%BB%99ng+Ngao+Vi%E1%BB%87t+Nam+22.845328%2C106.70617,https://res.cloudinary.com/p1kxfhlw/image/upload/v1791133350/admin-uploads/seeder/b71e17cd38f30b249a84151c8fb81851bb4a7ff5dd6b6eee949541c0e2e9fe55.webp,Bùi Thụy Đào Nguyên,CC BY-SA 4.0,https://creativecommons.org/licenses/by-sa/4.0,https://commons.wikimedia.org/wiki/File:%C4%90%E1%BB%99ng_Ng%C6%B0%E1%BB%9Dm_Ngao.jpg,Resized and converted to WebP; source photograph license retained
Tòa Thánh Tây Ninh,Tây Ninh,11.303746,106.133717,https://vi.wikipedia.org/wiki/T%C3%B2a_Th%C3%A1nh_T%C3%A2y_Ninh,https://www.google.com/maps/search/?api=1&query=T%C3%B2a+Th%C3%A1nh+T%C3%A2y+Ninh+Vi%E1%BB%87t+Nam+11.303746%2C106.133717,https://res.cloudinary.com/p1kxfhlw/image/upload/v1791133359/admin-uploads/seeder/fd2f12f85e474bf0e868784a3e0c21d866ec20dfdcd67c692fde98f652b33ee8.webp,Anthony Leekien,CC BY-SA 4.0,https://creativecommons.org/licenses/by-sa/4.0,https://commons.wikimedia.org/wiki/File:T%C3%B2a_Th%C3%A1nh_T%C3%A2y_Ninh_042013.JPG,Resized and converted to WebP; source photograph license retained
Cổ Thạch,Lâm Đồng,11.17666667,108.71397222,https://vi.wikipedia.org/wiki/C%E1%BB%95_Th%E1%BA%A1ch,https://www.google.com/maps/search/?api=1&query=C%E1%BB%95+Th%E1%BA%A1ch+Vi%E1%BB%87t+Nam+11.17666667%2C108.71397222,https://res.cloudinary.com/p1kxfhlw/image/upload/v1791133366/admin-uploads/seeder/1680817cae2014cdeadfd3d19669506a02d64d61dd6b2647218fa91b24e8e95e.webp,Liftold ( thảo luận ),CC BY 3.0,https://creativecommons.org/licenses/by/3.0,https://commons.wikimedia.org/wiki/File:B%C3%A3i_C%C3%A0_D%C6%B0%E1%BB%A3c_nh%C3%ACn_t%E1%BB%AB_%C4%91%E1%BB%89nh_Linh_Th%E1%BB%A9u.jpg,Resized and converted to WebP; source photograph license retained
Bảo tàng Địa chất,Hà Nội,21.023547,105.85877,https://vi.wikipedia.org/wiki/B%E1%BA%A3o_t%C3%A0ng_%C4%90%E1%BB%8Ba_ch%E1%BA%A5t,https://www.google.com/maps/search/?api=1&query=B%E1%BA%A3o+t%C3%A0ng+%C4%90%E1%BB%8Ba+ch%E1%BA%A5t+Vi%E1%BB%87t+Nam+21.023547%2C105.85877,https://res.cloudinary.com/p1kxfhlw/image/upload/v1791133377/admin-uploads/seeder/b145cb18c089422efc8ba3aa4b5d14549540c56461eb9ca12bc2ac31d1c2c617.webp,BacLuong,CC BY-SA 4.0,https://creativecommons.org/licenses/by-sa/4.0,https://commons.wikimedia.org/wiki/File:Vietnam-Geological_Museum-Hanoi2020.jpg,Resized and converted to WebP; source photograph license retained
Thác Cam Ly,Lâm Đồng,11.946721,108.422635,https://vi.wikipedia.org/wiki/Th%C3%A1c_Cam_Ly,https://www.google.com/maps/search/?api=1&query=Th%C3%A1c+Cam+Ly+Vi%E1%BB%87t+Nam+11.946721%2C108.422635,https://res.cloudinary.com/p1kxfhlw/image/upload/v1791133381/admin-uploads/seeder/4b2dabbb9e42e6556e01ecc1fb214569b0e898f3cc71c22163ae8b1941df3ba7.webp,"Ian Armstrong from Travelling the world at moment, Australia",CC BY-SA 2.0,https://creativecommons.org/licenses/by-sa/2.0,https://commons.wikimedia.org/wiki/File:Th%C3%A1c_Cam_Ly.jpg,Resized and converted to WebP; source photograph license retained
Cồn Hến,Huế,16.481522,107.593145,https://vi.wikipedia.org/wiki/C%E1%BB%93n_H%E1%BA%BFn,https://www.google.com/maps/search/?api=1&query=C%E1%BB%93n+H%E1%BA%BFn+Vi%E1%BB%87t+Nam+16.481522%2C107.593145,https://res.cloudinary.com/p1kxfhlw/image/upload/v1791133392/admin-uploads/seeder/31d15368c71e59dcde4c10136c638c6f73d2582e3d1988e0afd4e2c0f4afd8f8.webp,Lưu Ly at Vietnamese Wikipedia,Public domain,,https://commons.wikimedia.org/wiki/File:C%E1%BB%93n_H%E1%BA%BFn.jpg,Resized and converted to WebP; source photograph license retained
Công viên 29 tháng 3,Đà Nẵng,16.062705,108.204812,https://vi.wikipedia.org/wiki/C%C3%B4ng_vi%C3%AAn_29_th%C3%A1ng_3,https://www.google.com/maps/search/?api=1&query=C%C3%B4ng+vi%C3%AAn+29+th%C3%A1ng+3+Vi%E1%BB%87t+Nam+16.062705%2C108.204812,https://res.cloudinary.com/p1kxfhlw/image/upload/v1791133404/admin-uploads/seeder/5fa409e3775a743503c70810b8b772bf21df9fab78e12b43fc4b51c174c57bfe.webp,"Martin Lewison from Forest Hills, NY, U.S.A.",CC BY 2.0,https://creativecommons.org/licenses/by/2.0,"https://commons.wikimedia.org/wiki/File:March_29_Park,_Da_Nang_(49373528378).jpg",Resized and converted to WebP; source photograph license retained
Bảo tàng Hội An,Đà Nẵng,15.879,108.329,https://vi.wikipedia.org/wiki/B%E1%BA%A3o_t%C3%A0ng_H%E1%BB%99i_An,https://www.google.com/maps/search/?api=1&query=B%E1%BA%A3o+t%C3%A0ng+H%E1%BB%99i+An+Vi%E1%BB%87t+Nam+15.879%2C108.329,https://res.cloudinary.com/p1kxfhlw/image/upload/v1791133413/admin-uploads/seeder/cd48de52ddcc9b6cca8a4fc83de0de61a0394aa4b22d25ebb7efea2afef75587.webp,Mztourist,CC BY-SA 4.0,https://creativecommons.org/licenses/by-sa/4.0,https://commons.wikimedia.org/wiki/File:Hoi_An_Museum_main_building.jpg,Resized and converted to WebP; source photograph license retained
Khu dự trữ sinh quyển rừng ngập mặn Cần Giờ,Hồ Chí Minh,10.50113889,106.86758333,https://vi.wikipedia.org/wiki/Khu_d%E1%BB%B1_tr%E1%BB%AF_sinh_quy%E1%BB%83n_r%E1%BB%ABng_ng%E1%BA%ADp_m%E1%BA%B7n_C%E1%BA%A7n_Gi%E1%BB%9D,https://www.google.com/maps/search/?api=1&query=Khu+d%E1%BB%B1+tr%E1%BB%AF+sinh+quy%E1%BB%83n+r%E1%BB%ABng+ng%E1%BA%ADp+m%E1%BA%B7n+C%E1%BA%A7n+Gi%E1%BB%9D+Vi%E1%BB%87t+Nam+10.50113889%2C106.86758333,https://res.cloudinary.com/p1kxfhlw/image/upload/v1791133419/admin-uploads/seeder/e6987eddb18ae9caa440237c013c52c5e6ab8e4010543f7b1e041995f2c9d6fc.webp,Tho nau,CC BY-SA 3.0,https://creativecommons.org/licenses/by-sa/3.0,https://commons.wikimedia.org/wiki/File:Lo_ren_river.jpg,Resized and converted to WebP; source photograph license retained
Thác Cát Cát,Lào Cai,22.329058,103.829573,https://vi.wikipedia.org/wiki/Th%C3%A1c_C%C3%A1t_C%C3%A1t,https://www.google.com/maps/search/?api=1&query=Th%C3%A1c+C%C3%A1t+C%C3%A1t+Vi%E1%BB%87t+Nam+22.329058%2C103.829573,https://res.cloudinary.com/p1kxfhlw/image/upload/v1791133430/admin-uploads/seeder/5463d83d4f737f5e72f36160696056f212c9e56fcb7e7ef068079ce4d7257b23.webp,Dragfyre,CC BY-SA 3.0,https://creativecommons.org/licenses/by-sa/3.0,https://commons.wikimedia.org/wiki/File:Tien_Sa_Waterfall.JPG,Resized and converted to WebP; source photograph license retained
Thác Gò Lào,Phú Thọ,20.741887,105.055014,https://vi.wikipedia.org/wiki/Th%C3%A1c_G%C3%B2_L%C3%A0o,https://www.google.com/maps/search/?api=1&query=Th%C3%A1c+G%C3%B2+L%C3%A0o+Vi%E1%BB%87t+Nam+20.741887%2C105.055014,https://res.cloudinary.com/p1kxfhlw/image/upload/v1791133444/admin-uploads/seeder/c2d69aedbd71b5b620d8de1a2a85dede5ea0996ec947da03d35903e7d03e464a.webp,NKSTTSSHNVN,CC BY-SA 4.0,https://creativecommons.org/licenses/by-sa/4.0,https://commons.wikimedia.org/wiki/File:Th%C3%A1c_Ba_Khan.jpg,Resized and converted to WebP; source photograph license retained
Thác Mai,Đồng Nai,11.113333,107.453056,https://vi.wikipedia.org/wiki/Th%C3%A1c_Mai,https://www.google.com/maps/search/?api=1&query=Th%C3%A1c+Mai+Vi%E1%BB%87t+Nam+11.113333%2C107.453056,https://res.cloudinary.com/p1kxfhlw/image/upload/v1791133453/admin-uploads/seeder/e61a5c97a41dc70672a46a1062f4bd37c7480a6d33f3d8325307b0fed073925f.webp,Thang.pt4099,CC BY-SA 3.0,https://creativecommons.org/licenses/by-sa/3.0,https://commons.wikimedia.org/wiki/File:Th%C3%A1c_Mai_v%C3%A0o_bu%E1%BB%95i_chi%E1%BB%81u_t%C3%A0.png,Resized and converted to WebP; source photograph license retained
Tháp Nhạn,Đắk Lắk,13.07777778,109.29722222,https://vi.wikipedia.org/wiki/Th%C3%A1p_Nh%E1%BA%A1n,https://www.google.com/maps/search/?api=1&query=Th%C3%A1p+Nh%E1%BA%A1n+Vi%E1%BB%87t+Nam+13.07777778%2C109.29722222,https://res.cloudinary.com/p1kxfhlw/image/upload/v1791133462/admin-uploads/seeder/ea340e3d8821c4c98d5c2080dd17b78ffa7e0bd7330dd56330954321370b5ccf.webp,Original uploader was Dongson*vmvn at vi.wikipedia,CC BY-SA 3.0,https://creativecommons.org/licenses/by-sa/3.0,"https://commons.wikimedia.org/wiki/File:Th%C3%A1p_Nh%E1%BA%A1n,_Tuy_H%C3%B2a,_Ph%C3%BA_Y%C3%AAn.JPG",Resized and converted to WebP; source photograph license retained
Vườn chim Bạc Liêu,Cà Mau,9.24247222,105.71788889,https://vi.wikipedia.org/wiki/V%C6%B0%E1%BB%9Dn_chim_B%E1%BA%A1c_Li%C3%AAu,https://www.google.com/maps/search/?api=1&query=V%C6%B0%E1%BB%9Dn+chim+B%E1%BA%A1c+Li%C3%AAu+Vi%E1%BB%87t+Nam+9.24247222%2C105.71788889,https://res.cloudinary.com/p1kxfhlw/image/upload/v1791133469/admin-uploads/seeder/504731893b62497c0cb339f2daea613f8ddb87e7f0be057451111e460590530b.webp,Huỳnh Hoàng Nhật Duy,CC BY-SA 4.0,https://creativecommons.org/licenses/by-sa/4.0,https://commons.wikimedia.org/wiki/File:Khu_b%E1%BA%A3o_t%E1%BB%93n_lo%C3%A0i_%E2%80%93_sinh_c%E1%BA%A3nh_V%C6%B0%E1%BB%9Dn_chim_B%E1%BA%A1c_Li%C3%AAu.jpg,Resized and converted to WebP; source photograph license retained
Chiến khu Tân Trào,Tuyên Quang,21.570449,105.273835,https://vi.wikipedia.org/wiki/Chi%E1%BA%BFn_khu_T%C3%A2n_Tr%C3%A0o,https://www.google.com/maps/search/?api=1&query=Chi%E1%BA%BFn+khu+T%C3%A2n+Tr%C3%A0o+Vi%E1%BB%87t+Nam+21.570449%2C105.273835,https://res.cloudinary.com/p1kxfhlw/image/upload/v1791133477/admin-uploads/seeder/2c21b9bb599c2590a36a6cd20f827c840272ca6e8f484eab835de13fa8287d16.webp,Liftold ( thảo luận ),CC BY-SA 3.0,https://creativecommons.org/licenses/by-sa/3.0,https://commons.wikimedia.org/wiki/File:C%C3%A2y_%C4%90a_l%E1%BB%8Bch_s%E1%BB%AD_T%C3%A2n_Tr%C3%A0o.JPG,Resized and converted to WebP; source photograph license retained
Hang Đầu Gỗ,Quảng Ninh,20.908333,107.020833,https://vi.wikipedia.org/wiki/Hang_%C4%90%E1%BA%A7u_G%E1%BB%97,https://www.google.com/maps/search/?api=1&query=Hang+%C4%90%E1%BA%A7u+G%E1%BB%97+Vi%E1%BB%87t+Nam+20.908333%2C107.020833,https://res.cloudinary.com/p1kxfhlw/image/upload/v1791133483/admin-uploads/seeder/4c2a8c9e5dde69106f433c00e693404bc212240ed2c33f01573b1b1830f7645d.webp,Tim Hill from Australia,CC BY-SA 2.0,https://creativecommons.org/licenses/by-sa/2.0,https://commons.wikimedia.org/wiki/File:Hang_%C4%90%E1%BA%A7u_G%E1%BB%97.jpg,Resized and converted to WebP; source photograph license retained
Thác Đray Nur,Đắk Lắk,12.541851,107.889689,https://vi.wikipedia.org/wiki/Th%C3%A1c_%C4%90ray_Nur,https://www.google.com/maps/search/?api=1&query=Th%C3%A1c+%C4%90ray+Nur+Vi%E1%BB%87t+Nam+12.541851%2C107.889689,https://res.cloudinary.com/p1kxfhlw/image/upload/v1791133492/admin-uploads/seeder/3ade521129ade78a02cfc1d00a801ea61e042936cd1355e7a6f54f3eca316398.webp,Y Kpia Mlo,CC BY-SA 3.0,https://creativecommons.org/licenses/by-sa/3.0,https://commons.wikimedia.org/wiki/File:Draynur_falls.jpg,Resized and converted to WebP; source photograph license retained
Động Hua Mạ,Thái Nguyên,22.38583333,105.63833333,https://vi.wikipedia.org/wiki/%C4%90%E1%BB%99ng_Hua_M%E1%BA%A1,https://www.google.com/maps/search/?api=1&query=%C4%90%E1%BB%99ng+Hua+M%E1%BA%A1+Vi%E1%BB%87t+Nam+22.38583333%2C105.63833333,https://res.cloudinary.com/p1kxfhlw/image/upload/v1791133503/admin-uploads/seeder/1f6bb63d264dd24243ff38b7d9ae686a317391935a4e7891e924c6bdb51de184.webp,"Rod Waddington from Kergunyah, Australia",CC BY-SA 2.0,https://creativecommons.org/licenses/by-sa/2.0,https://commons.wikimedia.org/wiki/File:Ba_Be_Cave_(33215585468).jpg,Resized and converted to WebP; source photograph license retained
Thác Đứng,Đồng Nai,11.778999,107.215017,https://vi.wikipedia.org/wiki/Th%C3%A1c_%C4%90%E1%BB%A9ng,https://www.google.com/maps/search/?api=1&query=Th%C3%A1c+%C4%90%E1%BB%A9ng+Vi%E1%BB%87t+Nam+11.778999%2C107.215017,https://res.cloudinary.com/p1kxfhlw/image/upload/v1791133515/admin-uploads/seeder/b3eb41ba39342364634780e37731782408e87d93498aff883ebc46af52d57b77.webp,Kieprongbuon812,CC BY-SA 4.0,https://creativecommons.org/licenses/by-sa/4.0,"https://commons.wikimedia.org/wiki/File:Th%C3%A1c_%C4%90%E1%BB%A9ng,_B%C3%B9_%C4%90%C4%83ng,_B%C3%ACnh_Ph%C6%B0%E1%BB%9Bc.jpg",Resized and converted to WebP; source photograph license retained
Thác Bobla,Lâm Đồng,11.574942,108.018412,https://vi.wikipedia.org/wiki/Th%C3%A1c_Bobla,https://www.google.com/maps/search/?api=1&query=Th%C3%A1c+Bobla+Vi%E1%BB%87t+Nam+11.574942%2C108.018412,https://res.cloudinary.com/p1kxfhlw/image/upload/v1791133525/admin-uploads/seeder/7d54223ee4208d90d6a0d9f87a76c3c79899926e2cc16f905f52b99f27699fe5.webp,Weldon Kennedy,CC BY 2.0,https://creativecommons.org/licenses/by/2.0,https://commons.wikimedia.org/wiki/File:Bobla.jpg,Resized and converted to WebP; source photograph license retained
Bảo tàng Lịch sử quốc gia (Việt Nam),Hà Nội,21.02472222,105.85972222,https://vi.wikipedia.org/wiki/B%E1%BA%A3o_t%C3%A0ng_L%E1%BB%8Bch_s%E1%BB%AD_qu%E1%BB%91c_gia_(Vi%E1%BB%87t_Nam),https://www.google.com/maps/search/?api=1&query=B%E1%BA%A3o+t%C3%A0ng+L%E1%BB%8Bch+s%E1%BB%AD+qu%E1%BB%91c+gia+%28Vi%E1%BB%87t+Nam%29+Vi%E1%BB%87t+Nam+21.02472222%2C105.85972222,https://res.cloudinary.com/p1kxfhlw/image/upload/v1791133536/admin-uploads/seeder/ef1eafc857d67f8fe8b2b0441e1346e85913b1f38c08753afec9a34ad8d0b558.webp,Khoitran1957,CC BY-SA 4.0,https://creativecommons.org/licenses/by-sa/4.0,https://commons.wikimedia.org/wiki/File:4G4A7248A_HDR.jpg,Resized and converted to WebP; source photograph license retained
Thác Đamb'ri,Lâm Đồng,11.64416667,107.74333333,https://vi.wikipedia.org/wiki/Th%C3%A1c_%C4%90amb%27ri,https://www.google.com/maps/search/?api=1&query=Th%C3%A1c+%C4%90amb%27ri+Vi%E1%BB%87t+Nam+11.64416667%2C107.74333333,https://res.cloudinary.com/p1kxfhlw/image/upload/v1791133542/admin-uploads/seeder/7ab47927326e7b423f0e46413d00444803cc14d2091d9da2d66ad4ffec06e87e.webp,Teijo Hakala,CC BY-SA 2.0,https://creativecommons.org/licenses/by-sa/2.0,https://commons.wikimedia.org/wiki/File:Dam_Bri_waterfall.jpg,Resized and converted to WebP; source photograph license retained
Địa đạo Vịnh Mốc,Quảng Trị,17.073,107.111,https://vi.wikipedia.org/wiki/%C4%90%E1%BB%8Ba_%C4%91%E1%BA%A1o_V%E1%BB%8Bnh_M%E1%BB%91c,https://www.google.com/maps/search/?api=1&query=%C4%90%E1%BB%8Ba+%C4%91%E1%BA%A1o+V%E1%BB%8Bnh+M%E1%BB%91c+Vi%E1%BB%87t+Nam+17.073%2C107.111,https://res.cloudinary.com/p1kxfhlw/image/upload/v1791133550/admin-uploads/seeder/73a9e59b6056eceef90d4e1481bd5840fced26167eecdbc0cb4ebc74779ed424.webp,Pen war,CC BY-SA 3.0,https://creativecommons.org/licenses/by-sa/3.0,https://commons.wikimedia.org/wiki/File:Using_bomb_fragment_as_a_smart_to_alert_everybody.JPG,Resized and converted to WebP; source photograph license retained
Thác Đỗ Quyên,Huế,16.186513,107.848764,https://vi.wikipedia.org/wiki/Th%C3%A1c_%C4%90%E1%BB%97_Quy%C3%AAn,https://www.google.com/maps/search/?api=1&query=Th%C3%A1c+%C4%90%E1%BB%97+Quy%C3%AAn+Vi%E1%BB%87t+Nam+16.186513%2C107.848764,https://res.cloudinary.com/p1kxfhlw/image/upload/v1791133556/admin-uploads/seeder/6c97fca7f1c4f323f5294b038cb1002fa7fb0659bd7cb155c7f9f879431b31b2.webp,Lê Thy at Vietnamese Wikipedia,Public domain,,https://commons.wikimedia.org/wiki/File:Thacdoquyen.jpg,Resized and converted to WebP; source photograph license retained
Chùa Hang (Quảng Ngãi),Quảng Ngãi,15.39027778,109.12111111,https://vi.wikipedia.org/wiki/Ch%C3%B9a_Hang_(Qu%E1%BA%A3ng_Ng%C3%A3i),https://www.google.com/maps/search/?api=1&query=Ch%C3%B9a+Hang+%28Qu%E1%BA%A3ng+Ng%C3%A3i%29+Vi%E1%BB%87t+Nam+15.39027778%2C109.12111111,https://res.cloudinary.com/p1kxfhlw/image/upload/v1791133568/admin-uploads/seeder/cc93aceb59368b571144c12aaa1d2996d5a67360159452059c4200c567040dca.webp,VuTuanHung1804,CC BY-SA 4.0,https://creativecommons.org/licenses/by-sa/4.0,https://commons.wikimedia.org/wiki/File:Ch%C3%B9a_Hang_-_Thi%C3%AAn_Kh%E1%BB%95ng_Th%E1%BA%A1ch_T%E1%BB%B1_-_L%C3%BD_S%C6%A1n_-Qu%E1%BA%A3ng_Ng%C3%A3i.jpg,Resized and converted to WebP; source photograph license retained
Đền thờ Vua Lê Đại Hành,Ninh Bình,20.2862001,105.9056228,https://vi.wikipedia.org/wiki/%C4%90%E1%BB%81n_th%E1%BB%9D_Vua_L%C3%AA_%C4%90%E1%BA%A1i_H%C3%A0nh,https://www.google.com/maps/search/?api=1&query=%C4%90%E1%BB%81n+th%E1%BB%9D+Vua+L%C3%AA+%C4%90%E1%BA%A1i+H%C3%A0nh+Vi%E1%BB%87t+Nam+20.2862001%2C105.9056228,https://res.cloudinary.com/p1kxfhlw/image/upload/v1791133583/admin-uploads/seeder/e1b6e7497d22ace70c88a6302e99a78cd60cbf2adf288bbc2d498c0d9759c63f.webp,Nguyễn Thanh Quang,CC BY-SA 3.0,https://creativecommons.org/licenses/by-sa/3.0,"https://commons.wikimedia.org/wiki/File:%C4%90%E1%BB%81n_L%C3%AA_%C4%90%E1%BA%A1i_H%C3%A0nh,_ch%C3%ADnh_%C4%91%E1%BA%A1o.JPG",Resized and converted to WebP; source photograph license retained
Đền Bảo Hà,Lào Cai,22.170505,104.352523,https://vi.wikipedia.org/wiki/%C4%90%E1%BB%81n_B%E1%BA%A3o_H%C3%A0,https://www.google.com/maps/search/?api=1&query=%C4%90%E1%BB%81n+B%E1%BA%A3o+H%C3%A0+Vi%E1%BB%87t+Nam+22.170505%2C104.352523,https://res.cloudinary.com/p1kxfhlw/image/upload/v1791133592/admin-uploads/seeder/314fa95cf1fc387f9f8eb55141d1165ccd14af18e21ba848800c2359eb4b2c8a.webp,User:Vmenkov,CC BY-SA 3.0,https://creativecommons.org/licenses/by-sa/3.0,https://commons.wikimedia.org/wiki/File:Bao_Ha_Temple_-_P1380679.JPG,Resized and converted to WebP; source photograph license retained
Đền Bà Triệu,Thanh Hóa,19.9293,105.8195,https://vi.wikipedia.org/wiki/%C4%90%E1%BB%81n_B%C3%A0_Tri%E1%BB%87u,https://www.google.com/maps/search/?api=1&query=%C4%90%E1%BB%81n+B%C3%A0+Tri%E1%BB%87u+Vi%E1%BB%87t+Nam+19.9293%2C105.8195,https://res.cloudinary.com/p1kxfhlw/image/upload/v1791133599/admin-uploads/seeder/cc12e86f2b0362d70558157d991bf5b258122be066b76f6a19f7ca5fc1dffdea.webp,Mai Trung Dung,Public domain,,https://commons.wikimedia.org/wiki/File:Den-tho-ba-trieu.jpg,Resized and converted to WebP; source photograph license retained
Thảo Cầm Viên Sài Gòn,Hồ Chí Minh,10.78805556,106.70472222,https://vi.wikipedia.org/wiki/Th%E1%BA%A3o_C%E1%BA%A7m_Vi%C3%AAn_S%C3%A0i_G%C3%B2n,https://www.google.com/maps/search/?api=1&query=Th%E1%BA%A3o+C%E1%BA%A7m+Vi%C3%AAn+S%C3%A0i+G%C3%B2n+Vi%E1%BB%87t+Nam+10.78805556%2C106.70472222,https://res.cloudinary.com/p1kxfhlw/image/upload/v1791133607/admin-uploads/seeder/78b3e323f813f3d9ba7d13b46a4d281d407b969a92ffd12631e59c3fcf390243.webp,trungydang,CC BY 3.0,https://creativecommons.org/licenses/by/3.0,"https://commons.wikimedia.org/wiki/File:Th%E1%BA%A3o_C%E1%BA%A7m_vi%C3%AAn,_quan_1,_saigon,_vietnam_-_panoramio.jpg",Resized and converted to WebP; source photograph license retained
Đền Mẫu Âu Cơ,Phú Thọ,21.60333333,104.915,https://vi.wikipedia.org/wiki/%C4%90%E1%BB%81n_M%E1%BA%ABu_%C3%82u_C%C6%A1,https://www.google.com/maps/search/?api=1&query=%C4%90%E1%BB%81n+M%E1%BA%ABu+%C3%82u+C%C6%A1+Vi%E1%BB%87t+Nam+21.60333333%2C104.915,https://res.cloudinary.com/p1kxfhlw/image/upload/v1791133619/admin-uploads/seeder/b47382b0c392778d246185a92c58b7a7a4bc5df2476328bd5001c7ec62f30439.webp,Bùi Thế Tâm,CC BY-SA 3.0,https://creativecommons.org/licenses/by-sa/3.0,https://commons.wikimedia.org/wiki/File:AuCo3_DenChinh.JPG,Resized and converted to WebP; source photograph license retained
Khu bảo tồn thiên nhiên Đồng Sơn – Kỳ Thượng,Quảng Ninh,21.18361111,107.12305556,https://vi.wikipedia.org/wiki/Khu_b%E1%BA%A3o_t%E1%BB%93n_thi%C3%AAn_nhi%C3%AAn_%C4%90%E1%BB%93ng_S%C6%A1n_%E2%80%93_K%E1%BB%B3_Th%C6%B0%E1%BB%A3ng,https://www.google.com/maps/search/?api=1&query=Khu+b%E1%BA%A3o+t%E1%BB%93n+thi%C3%AAn+nhi%C3%AAn+%C4%90%E1%BB%93ng+S%C6%A1n+%E2%80%93+K%E1%BB%B3+Th%C6%B0%E1%BB%A3ng+Vi%E1%BB%87t+Nam+21.18361111%2C107.12305556,https://res.cloudinary.com/p1kxfhlw/image/upload/v1791133625/admin-uploads/seeder/b12831f768a7bd1d315f99339c95ce85d181f0d59e591d21ca59f1f45d4dc1f4.webp,Dratharr,CC BY-SA 4.0,https://creativecommons.org/licenses/by-sa/4.0,https://commons.wikimedia.org/wiki/File:%C4%90%E1%BB%93ng_S%C6%A1n_-_K%E1%BB%B3_Th%C6%B0%E1%BB%A3ng.jpg,Resized and converted to WebP; source photograph license retained
Thác Bản Giốc,Cao Bằng,22.855897,106.722501,https://vi.wikipedia.org/wiki/Th%C3%A1c_B%E1%BA%A3n_Gi%E1%BB%91c,https://www.google.com/maps/search/?api=1&query=Th%C3%A1c+B%E1%BA%A3n+Gi%E1%BB%91c+Vi%E1%BB%87t+Nam+22.855897%2C106.722501,https://res.cloudinary.com/p1kxfhlw/image/upload/v1791133632/admin-uploads/seeder/0ec38a1b15dc78cb9ef7c7b1596c63879d432d967c10c19f4f1552bce5b01aff.webp,Lê Minh Phát,CC BY 2.0,https://creativecommons.org/licenses/by/2.0,https://commons.wikimedia.org/wiki/File:Bangioc9tam.jpg,Resized and converted to WebP; source photograph license retained
Văn miếu Trấn Biên,Đồng Nai,10.9648,106.8015,https://vi.wikipedia.org/wiki/V%C4%83n_mi%E1%BA%BFu_Tr%E1%BA%A5n_Bi%C3%AAn,https://www.google.com/maps/search/?api=1&query=V%C4%83n+mi%E1%BA%BFu+Tr%E1%BA%A5n+Bi%C3%AAn+Vi%E1%BB%87t+Nam+10.9648%2C106.8015,https://res.cloudinary.com/p1kxfhlw/image/upload/v1791133641/admin-uploads/seeder/5df1536c0fad065da8c38ad0638753b451aad1bd209689da1442c17b7edffa2b.webp,Bùi Thụy Đào Nguyên,CC BY-SA 3.0,https://creativecommons.org/licenses/by-sa/3.0,https://commons.wikimedia.org/wiki/File:Nh%C3%A0_th%E1%BB%9D_ch%C3%ADnh_V%C4%83n_mi%E1%BA%BFu_Tr%E1%BA%A5n_Bi%C3%AAn.jpg,Resized and converted to WebP; source photograph license retained
Công viên Thủ Lệ,Hà Nội,21.031087,105.807758,https://vi.wikipedia.org/wiki/C%C3%B4ng_vi%C3%AAn_Th%E1%BB%A7_L%E1%BB%87,https://www.google.com/maps/search/?api=1&query=C%C3%B4ng+vi%C3%AAn+Th%E1%BB%A7+L%E1%BB%87+Vi%E1%BB%87t+Nam+21.031087%2C105.807758,https://res.cloudinary.com/p1kxfhlw/image/upload/v1791133649/admin-uploads/seeder/26f988d25282ed92aa7a1f2feeff486e32f5c407aae5352c622b584b6932149b.webp,Nguyễn Thanh Quang,CC BY-SA 3.0,https://creativecommons.org/licenses/by-sa/3.0,https://commons.wikimedia.org/wiki/File:C%C3%B4ng_vi%C3%AAn_Th%E1%BB%A7_L%E1%BB%87.JPG,Resized and converted to WebP; source photograph license retained
Thác Datanla,Lâm Đồng,11.901416,108.445408,https://vi.wikipedia.org/wiki/Th%C3%A1c_Datanla,https://www.google.com/maps/search/?api=1&query=Th%C3%A1c+Datanla+Vi%E1%BB%87t+Nam+11.901416%2C108.445408,https://res.cloudinary.com/p1kxfhlw/image/upload/v1791133660/admin-uploads/seeder/85fe4c450bd962017ea4b5681d9dda4dd54a8ecae35fcebe79f29c9bd3126d55.webp,thalling55,CC BY 2.0,https://creativecommons.org/licenses/by/2.0,https://commons.wikimedia.org/wiki/File:Th%C3%A1c_Datanla.jpg,Resized and converted to WebP; source photograph license retained
Chùa Thánh Duyên,Huế,16.343,107.89,https://vi.wikipedia.org/wiki/Ch%C3%B9a_Th%C3%A1nh_Duy%C3%AAn,https://www.google.com/maps/search/?api=1&query=Ch%C3%B9a+Th%C3%A1nh+Duy%C3%AAn+Vi%E1%BB%87t+Nam+16.343%2C107.89,https://res.cloudinary.com/p1kxfhlw/image/upload/v1791133665/admin-uploads/seeder/9ca112264608cbacfa3357b4fc91f19e37dae1d12beadba0a140ad06aad27abc.webp,Minhkknd,CC BY-SA 4.0,https://creativecommons.org/licenses/by-sa/4.0,https://commons.wikimedia.org/wiki/File:Chua_thanh_duyen.jpg,Resized and converted to WebP; source photograph license retained
Đền Trần Thương,Ninh Bình,20.5761573,106.1037476,https://vi.wikipedia.org/wiki/%C4%90%E1%BB%81n_Tr%E1%BA%A7n_Th%C6%B0%C6%A1ng,https://www.google.com/maps/search/?api=1&query=%C4%90%E1%BB%81n+Tr%E1%BA%A7n+Th%C6%B0%C6%A1ng+Vi%E1%BB%87t+Nam+20.5761573%2C106.1037476,https://res.cloudinary.com/p1kxfhlw/image/upload/v1791133675/admin-uploads/seeder/72eb58ec227719ad9b0c29435998ddb596c675548c25417a966ddac015a375b6.webp,Suaql4a,CC BY-SA 4.0,https://creativecommons.org/licenses/by-sa/4.0,https://commons.wikimedia.org/wiki/File:%C4%90%E1%BB%81n_Tr%E1%BA%A7n_Th%C6%B0%C6%A1ng.jpg,Resized and converted to WebP; source photograph license retained
Đền thờ Lê Hoàn,Thanh Hóa,19.973852,105.534017,https://vi.wikipedia.org/wiki/%C4%90%E1%BB%81n_th%E1%BB%9D_L%C3%AA_Ho%C3%A0n,https://www.google.com/maps/search/?api=1&query=%C4%90%E1%BB%81n+th%E1%BB%9D+L%C3%AA+Ho%C3%A0n+Vi%E1%BB%87t+Nam+19.973852%2C105.534017,https://res.cloudinary.com/p1kxfhlw/image/upload/v1791133683/admin-uploads/seeder/2489d2d2d31b091a7f3a07a4a0c7e198d9571a0545634e9ab5a5a0eabc10db1c.webp,AxitTDTbenzoic,CC BY-SA 4.0,https://creativecommons.org/licenses/by-sa/4.0,https://commons.wikimedia.org/wiki/File:%C4%90%E1%BB%81n_L%C3%AA_Ho%C3%A0n.jpg,Resized and converted to WebP; source photograph license retained
Đền thờ Trần Hưng Đạo (Thành phố Hồ Chí Minh),Hồ Chí Minh,10.7906855,106.6944488,https://vi.wikipedia.org/wiki/%C4%90%E1%BB%81n_th%E1%BB%9D_Tr%E1%BA%A7n_H%C6%B0ng_%C4%90%E1%BA%A1o_(Th%C3%A0nh_ph%E1%BB%91_H%E1%BB%93_Ch%C3%AD_Minh),https://www.google.com/maps/search/?api=1&query=%C4%90%E1%BB%81n+th%E1%BB%9D+Tr%E1%BA%A7n+H%C6%B0ng+%C4%90%E1%BA%A1o+%28Th%C3%A0nh+ph%E1%BB%91+H%E1%BB%93+Ch%C3%AD+Minh%29+Vi%E1%BB%87t+Nam+10.7906855%2C106.6944488,https://res.cloudinary.com/p1kxfhlw/image/upload/v1791133691/admin-uploads/seeder/d9411f76a4488c19038b07eda7f4a85c62c213301ac1caa39e33fe38165dbc1b.webp,"Gary Todd from Xinzheng, China",CC0,http://creativecommons.org/publicdomain/zero/1.0/deed.en,https://commons.wikimedia.org/wiki/File:Tran_Hung_Dao_Temple_(9981911814).jpg,Resized and converted to WebP; source photograph license retained
Đền Và,Hà Nội,21.1386182,105.4854853,https://vi.wikipedia.org/wiki/%C4%90%E1%BB%81n_V%C3%A0,https://www.google.com/maps/search/?api=1&query=%C4%90%E1%BB%81n+V%C3%A0+Vi%E1%BB%87t+Nam+21.1386182%2C105.4854853,https://res.cloudinary.com/p1kxfhlw/image/upload/v1791133700/admin-uploads/seeder/a29af67ea1fd78573503d66026479c1d75b8b19588417fbe3c5cddd67bdb6b97.webp,Tieu ngao giang ho1970 at Vietnamese Wikipedia,Public domain,,https://commons.wikimedia.org/wiki/File:Tien_te_den_va.jpg,Resized and converted to WebP; source photograph license retained
Thác Đầu Đẳng,Thái Nguyên,22.4526,105.570412,https://vi.wikipedia.org/wiki/Th%C3%A1c_%C4%90%E1%BA%A7u_%C4%90%E1%BA%B3ng,https://www.google.com/maps/search/?api=1&query=Th%C3%A1c+%C4%90%E1%BA%A7u+%C4%90%E1%BA%B3ng+Vi%E1%BB%87t+Nam+22.4526%2C105.570412,https://res.cloudinary.com/p1kxfhlw/image/upload/v1791133708/admin-uploads/seeder/f874a4b6260fb2d4e8e7658b46c870ce1720029078b571a91b5e72ba6408868d.webp,phgaillard2001,CC BY-SA 2.0,https://creativecommons.org/licenses/by-sa/2.0,https://commons.wikimedia.org/wiki/File:SuoiBabe.jpg,Resized and converted to WebP; source photograph license retained
Chùa Bút Tháp,Bắc Ninh,21.06083,106.0222,https://vi.wikipedia.org/wiki/Ch%C3%B9a_B%C3%BAt_Th%C3%A1p,https://www.google.com/maps/search/?api=1&query=Ch%C3%B9a+B%C3%BAt+Th%C3%A1p+Vi%E1%BB%87t+Nam+21.06083%2C106.0222,https://res.cloudinary.com/p1kxfhlw/image/upload/v1791133715/admin-uploads/seeder/0dbbb673afd043e24d4fdfbd6de3ad0357175ab3e1ee2b1ee6300ef41fa17640.webp,Tango7174,CC BY-SA 4.0,https://creativecommons.org/licenses/by-sa/4.0,https://commons.wikimedia.org/wiki/File:VN_But_Thap3_tango7174.jpg,Resized and converted to WebP; source photograph license retained
Thác Prenn,Lâm Đồng,11.8766486,108.4702494,https://vi.wikipedia.org/wiki/Th%C3%A1c_Prenn,https://www.google.com/maps/search/?api=1&query=Th%C3%A1c+Prenn+Vi%E1%BB%87t+Nam+11.8766486%2C108.4702494,https://res.cloudinary.com/p1kxfhlw/image/upload/v1791133725/admin-uploads/seeder/d5de5a78dc9a15e87d96082e26b290724f562af129b3182fa72a7b50dc92b531.webp,Prenn,CC BY-SA 4.0,https://creativecommons.org/licenses/by-sa/4.0,"https://commons.wikimedia.org/wiki/File:Th%C3%A1c_Prenn,_062015.jpg",Resized and converted to WebP; source photograph license retained
Đàn Xã Tắc (Huế),Huế,16.465009,107.57124,https://vi.wikipedia.org/wiki/%C4%90%C3%A0n_X%C3%A3_T%E1%BA%AFc_(Hu%E1%BA%BF),https://www.google.com/maps/search/?api=1&query=%C4%90%C3%A0n+X%C3%A3+T%E1%BA%AFc+%28Hu%E1%BA%BF%29+Vi%E1%BB%87t+Nam+16.465009%2C107.57124,https://res.cloudinary.com/p1kxfhlw/image/upload/v1791133737/admin-uploads/seeder/c412b1f12e3d44795911d6f139868667df22094a3c550477f87fcf7a0feb5170.webp,Không rõ,Public domain,,https://commons.wikimedia.org/wiki/File:%C4%90%C3%A0n_x%C3%A3_t%E1%BA%AFc_tri%E1%BB%81u_Nguy%E1%BB%85n_(1914).jpg,Resized and converted to WebP; source photograph license retained
Đền thờ Vua Đinh Tiên Hoàng,Ninh Bình,20.285556,105.903333,https://vi.wikipedia.org/wiki/%C4%90%E1%BB%81n_th%E1%BB%9D_Vua_%C4%90inh_Ti%C3%AAn_Ho%C3%A0ng,https://www.google.com/maps/search/?api=1&query=%C4%90%E1%BB%81n+th%E1%BB%9D+Vua+%C4%90inh+Ti%C3%AAn+Ho%C3%A0ng+Vi%E1%BB%87t+Nam+20.285556%2C105.903333,https://res.cloudinary.com/p1kxfhlw/image/upload/v1791133745/admin-uploads/seeder/d19004ea1762bb72874f99c39d2d570b5b879faee03ba4914897d297bcc677fc.webp,Jean-Pierre Dalbéra,CC BY 2.0,https://creativecommons.org/licenses/by/2.0,https://commons.wikimedia.org/wiki/File:Temple_comm%C3%A9moratif_au_roi_Dinh_Tien_Hoang_(Hoa_Lu).jpg,Resized and converted to WebP; source photograph license retained
Công viên Văn hóa Đầm Sen,Hồ Chí Minh,10.765879,106.638622,https://vi.wikipedia.org/wiki/C%C3%B4ng_vi%C3%AAn_V%C4%83n_h%C3%B3a_%C4%90%E1%BA%A7m_Sen,https://www.google.com/maps/search/?api=1&query=C%C3%B4ng+vi%C3%AAn+V%C4%83n+h%C3%B3a+%C4%90%E1%BA%A7m+Sen+Vi%E1%BB%87t+Nam+10.765879%2C106.638622,https://res.cloudinary.com/p1kxfhlw/image/upload/v1791133756/admin-uploads/seeder/2a0dc3a1d38a511a61387c5927d2291f923c342159636b3bdd2c8aa2348b717e.webp,tuonglamphotos.com,CC BY-SA 4.0,https://creativecommons.org/licenses/by-sa/4.0,https://commons.wikimedia.org/wiki/File:Dam-sen-tuonglamphotos.jpg,Resized and converted to WebP; source photograph license retained
Đình Chu Quyến,Hà Nội,21.196232,105.442898,https://vi.wikipedia.org/wiki/%C4%90%C3%ACnh_Chu_Quy%E1%BA%BFn,https://www.google.com/maps/search/?api=1&query=%C4%90%C3%ACnh+Chu+Quy%E1%BA%BFn+Vi%E1%BB%87t+Nam+21.196232%2C105.442898,https://res.cloudinary.com/p1kxfhlw/image/upload/v1791133765/admin-uploads/seeder/2fc98a89784857abe969de4e575a543ae16d08d676e3500c61d395160ece420c.webp,Duyphuong ( thảo luận ),CC BY 3.0,https://creativecommons.org/licenses/by/3.0,https://commons.wikimedia.org/wiki/File:Chu_Quy%E1%BA%BFn_Hall_09-06-2013_E1.jpg,Resized and converted to WebP; source photograph license retained
Thác Pác Ban,Tuyên Quang,22.353132,105.424626,https://vi.wikipedia.org/wiki/Th%C3%A1c_P%C3%A1c_Ban,https://www.google.com/maps/search/?api=1&query=Th%C3%A1c+P%C3%A1c+Ban+Vi%E1%BB%87t+Nam+22.353132%2C105.424626,https://res.cloudinary.com/p1kxfhlw/image/upload/v1791133774/admin-uploads/seeder/646185b1488d3308b338c41c37bd9a220297dd269565d594ec055e4966918466.webp,Motbit,CC BY-SA 4.0,https://creativecommons.org/licenses/by-sa/4.0,https://commons.wikimedia.org/wiki/File:Th%C3%A1c_M%C6%A1.jpg,Resized and converted to WebP; source photograph license retained
Chùa Thầy,Hà Nội,21.0228246,105.643299,https://vi.wikipedia.org/wiki/Ch%C3%B9a_Th%E1%BA%A7y,https://www.google.com/maps/search/?api=1&query=Ch%C3%B9a+Th%E1%BA%A7y+Vi%E1%BB%87t+Nam+21.0228246%2C105.643299,https://res.cloudinary.com/p1kxfhlw/image/upload/v1791133783/admin-uploads/seeder/b48bf09ce40e74c06fae764383177bd4efdfe7127c0bed5b047438c6c9577453.webp,BemPhoto.0983194978,CC BY 2.0,https://creativecommons.org/licenses/by/2.0,https://commons.wikimedia.org/wiki/File:Ch%C3%B9a_Th%E1%BA%A7y_(9414542634).jpg,Resized and converted to WebP; source photograph license retained
Thác Pongour,Lâm Đồng,11.68837,108.266485,https://vi.wikipedia.org/wiki/Th%C3%A1c_Pongour,https://www.google.com/maps/search/?api=1&query=Th%C3%A1c+Pongour+Vi%E1%BB%87t+Nam+11.68837%2C108.266485,https://res.cloudinary.com/p1kxfhlw/image/upload/v1791133793/admin-uploads/seeder/95af47484b96f575709ab0866f65f46331a57e565f66b35696a782c3d495a446.webp,Original uploader was Tú My at vi.wikipedia,CC BY-SA 3.0,https://creativecommons.org/licenses/by-sa/3.0,https://commons.wikimedia.org/wiki/File:ThacPongour.jpg,Resized and converted to WebP; source photograph license retained
Cửu Đỉnh (nhà Nguyễn),Huế,16.467,107.576,https://vi.wikipedia.org/wiki/C%E1%BB%ADu_%C4%90%E1%BB%89nh_(nh%C3%A0_Nguy%E1%BB%85n),https://www.google.com/maps/search/?api=1&query=C%E1%BB%ADu+%C4%90%E1%BB%89nh+%28nh%C3%A0+Nguy%E1%BB%85n%29+Vi%E1%BB%87t+Nam+16.467%2C107.576,https://res.cloudinary.com/p1kxfhlw/image/upload/v1791133799/admin-uploads/seeder/37517d89f7243c2a8d12b6d2ce22ff48cd4ca9f3afc6031a9ee287f84da00dad.webp,LÊ TẤN LỘC at Vietnamese Wikipedia,CC BY-SA 3.0,https://creativecommons.org/licenses/by-sa/3.0,https://commons.wikimedia.org/wiki/File:C%E1%BB%ADu_%C4%90%E1%BB%89nh_tri%E1%BB%81u_Nguy%E1%BB%85n.JPG,Resized and converted to WebP; source photograph license retained
Đền Trần (Nam Định),Ninh Bình,20.456854,106.167306,https://vi.wikipedia.org/wiki/%C4%90%E1%BB%81n_Tr%E1%BA%A7n_(Nam_%C4%90%E1%BB%8Bnh),https://www.google.com/maps/search/?api=1&query=%C4%90%E1%BB%81n+Tr%E1%BA%A7n+%28Nam+%C4%90%E1%BB%8Bnh%29+Vi%E1%BB%87t+Nam+20.456854%2C106.167306,https://res.cloudinary.com/p1kxfhlw/image/upload/v1791133807/admin-uploads/seeder/5ea06699f7611dddc15035ac1b6ccb23c050e5721a734b5e9fa7c950951e6453.webp,Hoangvantoanajc,CC0,http://creativecommons.org/publicdomain/zero/1.0/deed.en,https://commons.wikimedia.org/wiki/File:Tam_quan_Den_Tran.jpg,Resized and converted to WebP; source photograph license retained
Đình Tây Đằng,Hà Nội,21.2,105.42,https://vi.wikipedia.org/wiki/%C4%90%C3%ACnh_T%C3%A2y_%C4%90%E1%BA%B1ng,https://www.google.com/maps/search/?api=1&query=%C4%90%C3%ACnh+T%C3%A2y+%C4%90%E1%BA%B1ng+Vi%E1%BB%87t+Nam+21.2%2C105.42,https://res.cloudinary.com/p1kxfhlw/image/upload/v1791133817/admin-uploads/seeder/769305d61fa332529a223c70b4e074b3aca3d9b52c0e82c7442d06ead250c2e9.webp,Duyphuong ( thảo luận ),CC BY-SA 4.0,https://creativecommons.org/licenses/by-sa/4.0,https://commons.wikimedia.org/wiki/File:%C4%90%C3%ACnh_T%C3%A2y_%C4%90%E1%BA%B1ng_1.jpg,Resized and converted to WebP; source photograph license retained
Phố cổ Đồng Văn,Tuyên Quang,23.28177778,105.35989444,https://vi.wikipedia.org/wiki/Ph%E1%BB%91_c%E1%BB%95_%C4%90%E1%BB%93ng_V%C4%83n,https://www.google.com/maps/search/?api=1&query=Ph%E1%BB%91+c%E1%BB%95+%C4%90%E1%BB%93ng+V%C4%83n+Vi%E1%BB%87t+Nam+23.28177778%2C105.35989444,https://res.cloudinary.com/p1kxfhlw/image/upload/v1791133827/admin-uploads/seeder/076d91f0417735b9f4ee1f1a543037468cc01033d89efad219aaaeb3cfff3896.webp,Khoitran1957,CC BY-SA 4.0,https://creativecommons.org/licenses/by-sa/4.0,https://commons.wikimedia.org/wiki/File:Ph%E1%BB%97_C%E1%BB%95.jpg,Resized and converted to WebP; source photograph license retained
Chùa Phật Tích,Bắc Ninh,21.10666667,106.0125,https://vi.wikipedia.org/wiki/Ch%C3%B9a_Ph%E1%BA%ADt_T%C3%ADch,https://www.google.com/maps/search/?api=1&query=Ch%C3%B9a+Ph%E1%BA%ADt+T%C3%ADch+Vi%E1%BB%87t+Nam+21.10666667%2C106.0125,https://res.cloudinary.com/p1kxfhlw/image/upload/v1791133834/admin-uploads/seeder/c1fbd20a2ea1be1a4faf732316dca80e26cc7ee65f1de00c6abd044552d210de.webp,"Photo taken by vi:User:Casablanca1911 , unknown sculptor(s)",Public domain,,https://commons.wikimedia.org/wiki/File:Tuongphat.jpg,Resized and converted to WebP; source photograph license retained
Thác Voi (Nam Ban),Lâm Đồng,11.82384,108.336735,https://vi.wikipedia.org/wiki/Th%C3%A1c_Voi_(Nam_Ban),https://www.google.com/maps/search/?api=1&query=Th%C3%A1c+Voi+%28Nam+Ban%29+Vi%E1%BB%87t+Nam+11.82384%2C108.336735,https://res.cloudinary.com/p1kxfhlw/image/upload/v1791133845/admin-uploads/seeder/abc7f5f5653295660795339841daaeabe81e7a28df57ce62a4b7a46c0c81585d.webp,Tuong Lam Photos,CC BY-SA 4.0,https://creativecommons.org/licenses/by-sa/4.0,https://commons.wikimedia.org/wiki/File:Th%C3%A1c_Voi.jpg,Resized and converted to WebP; source photograph license retained
Điện Thái Hòa (Hoàng thành Huế),Huế,16.468,107.576,https://vi.wikipedia.org/wiki/%C4%90i%E1%BB%87n_Th%C3%A1i_H%C3%B2a_(Ho%C3%A0ng_th%C3%A0nh_Hu%E1%BA%BF),https://www.google.com/maps/search/?api=1&query=%C4%90i%E1%BB%87n+Th%C3%A1i+H%C3%B2a+%28Ho%C3%A0ng+th%C3%A0nh+Hu%E1%BA%BF%29+Vi%E1%BB%87t+Nam+16.468%2C107.576,https://res.cloudinary.com/p1kxfhlw/image/upload/v1791133854/admin-uploads/seeder/02cfa6d67278d04512baae84374015adaac0287d5a8d00bad531d19a187811b0.webp,Lưu Ly,Public domain,,https://commons.wikimedia.org/wiki/File:Dien_Thai_Hoa.jpg,Resized and converted to WebP; source photograph license retained
Đền Trần (Long Hưng),Hưng Yên,20.601857,106.14369,https://vi.wikipedia.org/wiki/%C4%90%E1%BB%81n_Tr%E1%BA%A7n_(Long_H%C6%B0ng),https://www.google.com/maps/search/?api=1&query=%C4%90%E1%BB%81n+Tr%E1%BA%A7n+%28Long+H%C6%B0ng%29+Vi%E1%BB%87t+Nam+20.601857%2C106.14369,https://res.cloudinary.com/p1kxfhlw/image/upload/v1791133860/admin-uploads/seeder/08bc1d80e178114ae7895c9118e896c8dd7cb805116d49c96f9d3c54d44ec470.webp,Kien1980v at Vietnamese Wikipedia,Public domain,,https://commons.wikimedia.org/wiki/File:%C4%90%E1%BB%81n_Tr%E1%BA%A7n_Th%C3%A1i_B%C3%ACnh.jpg,Resized and converted to WebP; source photograph license retained
Khu du lịch Văn hóa Suối Tiên,Hồ Chí Minh,10.861318,106.802985,https://vi.wikipedia.org/wiki/Khu_du_l%E1%BB%8Bch_V%C4%83n_h%C3%B3a_Su%E1%BB%91i_Ti%C3%AAn,https://www.google.com/maps/search/?api=1&query=Khu+du+l%E1%BB%8Bch+V%C4%83n+h%C3%B3a+Su%E1%BB%91i+Ti%C3%AAn+Vi%E1%BB%87t+Nam+10.861318%2C106.802985,https://res.cloudinary.com/p1kxfhlw/image/upload/v1791133869/admin-uploads/seeder/31734d70ec5da27a13a0e97886f2fbb640f2b7a163e9cc77982376580168cbb4.webp,MyName ( Genghiskhanviet ),Public domain,,https://commons.wikimedia.org/wiki/File:SuoiTien1.JPG,Resized and converted to WebP; source photograph license retained
Đình Mông Phụ,Hà Nội,21.158403,105.4703084,https://vi.wikipedia.org/wiki/%C4%90%C3%ACnh_M%C3%B4ng_Ph%E1%BB%A5,https://www.google.com/maps/search/?api=1&query=%C4%90%C3%ACnh+M%C3%B4ng+Ph%E1%BB%A5+Vi%E1%BB%87t+Nam+21.158403%2C105.4703084,https://res.cloudinary.com/p1kxfhlw/image/upload/v1791133883/admin-uploads/seeder/c226e5d1a0daa76ecbaefc24d0a4455a31e4c4d41f33a5f3de5ee0fe14275520.webp,Bùi Thụy Đào Nguyên,CC BY-SA 3.0,https://creativecommons.org/licenses/by-sa/3.0,https://commons.wikimedia.org/wiki/File:Dinh_mong_phu.jpg,Resized and converted to WebP; source photograph license retained
Đền Bà Chúa Kho (Bắc Ninh),Bắc Ninh,21.2062516,106.0838016,https://vi.wikipedia.org/wiki/%C4%90%E1%BB%81n_B%C3%A0_Ch%C3%BAa_Kho_(B%E1%BA%AFc_Ninh),https://www.google.com/maps/search/?api=1&query=%C4%90%E1%BB%81n+B%C3%A0+Ch%C3%BAa+Kho+%28B%E1%BA%AFc+Ninh%29+Vi%E1%BB%87t+Nam+21.2062516%2C106.0838016,https://res.cloudinary.com/p1kxfhlw/image/upload/v1791133892/admin-uploads/seeder/0e55b2d9b2be4c5c316969cbe7537e75f50bc3fd46655e34df1e46d9f3573581.webp,Newone,CC BY-SA 4.0,https://creativecommons.org/licenses/by-sa/4.0,https://commons.wikimedia.org/wiki/File:Newone_-_tam_quan_%C4%91%E1%BB%81n_b%C3%A0_ch%C3%BAa_kho_B%E1%BA%AFc_Ninh.jpg,Resized and converted to WebP; source photograph license retained
Chùa Linh Phước,Lâm Đồng,11.94428333,108.4995,https://vi.wikipedia.org/wiki/Ch%C3%B9a_Linh_Ph%C6%B0%E1%BB%9Bc,https://www.google.com/maps/search/?api=1&query=Ch%C3%B9a+Linh+Ph%C6%B0%E1%BB%9Bc+Vi%E1%BB%87t+Nam+11.94428333%2C108.4995,https://res.cloudinary.com/p1kxfhlw/image/upload/v1791133904/admin-uploads/seeder/4930d468bc3218d8173376a3e56154edbb40a963313d0b710a2d77c4a8cc78dd.webp,Diane Selwyn,Public domain,,https://commons.wikimedia.org/wiki/File:Linh_Phuoc_Pagoda_01.jpg,Resized and converted to WebP; source photograph license retained
Cung Diên Thọ,Huế,16.468,107.575,https://vi.wikipedia.org/wiki/Cung_Di%C3%AAn_Th%E1%BB%8D,https://www.google.com/maps/search/?api=1&query=Cung+Di%C3%AAn+Th%E1%BB%8D+Vi%E1%BB%87t+Nam+16.468%2C107.575,https://res.cloudinary.com/p1kxfhlw/image/upload/v1791133912/admin-uploads/seeder/1253e048f2bf34c6eacbeb9ae4912103fc19a90dcb4ace08f1def9dd8f72e398.webp,Lưu Ly at Vietnamese Wikipedia,Public domain,,https://commons.wikimedia.org/wiki/File:Di%C3%AAn_Th%E1%BB%8D_Ch%C3%ADnh_%C4%90i%E1%BB%87n.jpg,Resized and converted to WebP; source photograph license retained
Động Hoa Lư,Ninh Bình,20.401667,105.820833,https://vi.wikipedia.org/wiki/%C4%90%E1%BB%99ng_Hoa_L%C6%B0,https://www.google.com/maps/search/?api=1&query=%C4%90%E1%BB%99ng+Hoa+L%C6%B0+Vi%E1%BB%87t+Nam+20.401667%2C105.820833,https://res.cloudinary.com/p1kxfhlw/image/upload/v1791133922/admin-uploads/seeder/f75986539a979f073e3ceaef36c13dd60d831817add67e6e5e2bc3642d0dcece.webp,Kien1980v at Vietnamese Wikipedia,Public domain,,https://commons.wikimedia.org/wiki/File:Donghoalugv7.JPG,Resized and converted to WebP; source photograph license retained
Công viên 23 tháng 9,Hồ Chí Minh,10.7694,106.6938,https://vi.wikipedia.org/wiki/C%C3%B4ng_vi%C3%AAn_23_th%C3%A1ng_9,https://www.google.com/maps/search/?api=1&query=C%C3%B4ng+vi%C3%AAn+23+th%C3%A1ng+9+Vi%E1%BB%87t+Nam+10.7694%2C106.6938,https://res.cloudinary.com/p1kxfhlw/image/upload/v1791133934/admin-uploads/seeder/cf9aa64c2fadb9e68fbfe50c53f29f98cc088f14976e8a8db24c6b44e9b99624.webp,Daderot,CC0,http://creativecommons.org/publicdomain/zero/1.0/deed.en,"https://commons.wikimedia.org/wiki/File:C%C3%B4ng_Vi%C3%AAn_23_Th%C3%A1ng_9_-_Ho_Chi_Minh_City,_Vietnam_-_DSC01084.JPG",Resized and converted to WebP; source photograph license retained
Nhà tù Hỏa Lò,Hà Nội,21.02527778,105.84638889,https://vi.wikipedia.org/wiki/Nh%C3%A0_t%C3%B9_H%E1%BB%8Fa_L%C3%B2,https://www.google.com/maps/search/?api=1&query=Nh%C3%A0+t%C3%B9+H%E1%BB%8Fa+L%C3%B2+Vi%E1%BB%87t+Nam+21.02527778%2C105.84638889,https://res.cloudinary.com/p1kxfhlw/image/upload/v1791133942/admin-uploads/seeder/83e939c27adbb49767c10140d3379736937031aeec30a4219d9cf379894fdf2b.webp,thalling55,CC BY 2.0,https://creativecommons.org/licenses/by/2.0,https://commons.wikimedia.org/wiki/File:Ho%E1%BA%A3_L%C3%B2.jpg,Resized and converted to WebP; source photograph license retained
Đền Ngọc Sơn,Hà Nội,21.03072222,105.85233333,https://vi.wikipedia.org/wiki/%C4%90%E1%BB%81n_Ng%E1%BB%8Dc_S%C6%A1n,https://www.google.com/maps/search/?api=1&query=%C4%90%E1%BB%81n+Ng%E1%BB%8Dc+S%C6%A1n+Vi%E1%BB%87t+Nam+21.03072222%2C105.85233333,https://res.cloudinary.com/p1kxfhlw/image/upload/v1791133951/admin-uploads/seeder/928796fffe3ad759951ab278a7551b3a1d6704b4da7cfd501aef1635adc785d6.webp,Bùi Thụy Đào Nguyên,CC BY-SA 3.0,https://creativecommons.org/licenses/by-sa/3.0,https://commons.wikimedia.org/wiki/File:C%E1%BB%95ng_%C4%91%E1%BB%81n_Ng%E1%BB%8Dc_S%C6%A1n.jpg,Resized and converted to WebP; source photograph license retained
Thiền viện Trúc Lâm Đà Lạt,Lâm Đồng,11.93071389,108.45953056,https://vi.wikipedia.org/wiki/Thi%E1%BB%81n_vi%E1%BB%87n_Tr%C3%BAc_L%C3%A2m_%C4%90%C3%A0_L%E1%BA%A1t,https://www.google.com/maps/search/?api=1&query=Thi%E1%BB%81n+vi%E1%BB%87n+Tr%C3%BAc+L%C3%A2m+%C4%90%C3%A0+L%E1%BA%A1t+Vi%E1%BB%87t+Nam+11.93071389%2C108.45953056,https://res.cloudinary.com/p1kxfhlw/image/upload/v1791133960/admin-uploads/seeder/443a3f11e6fd58425004ff387383e9bcab0295e7397fefd356fd6ac6537c6fa4.webp,The original uploader was Liftold at Vietnamese Wikipedia .,CC BY-SA 3.0,https://creativecommons.org/licenses/by-sa/3.0,https://commons.wikimedia.org/wiki/File:Zen_Monastery_Truc_Lam_Da_Lat.JPG,Resized and converted to WebP; source photograph license retained
Vương cung thánh đường Đức Mẹ La Vang,Quảng Trị,16.70565833,107.19580556,https://vi.wikipedia.org/wiki/V%C6%B0%C6%A1ng_cung_th%C3%A1nh_%C4%91%C6%B0%E1%BB%9Dng_%C4%90%E1%BB%A9c_M%E1%BA%B9_La_Vang,https://www.google.com/maps/search/?api=1&query=V%C6%B0%C6%A1ng+cung+th%C3%A1nh+%C4%91%C6%B0%E1%BB%9Dng+%C4%90%E1%BB%A9c+M%E1%BA%B9+La+Vang+Vi%E1%BB%87t+Nam+16.70565833%2C107.19580556,https://res.cloudinary.com/p1kxfhlw/image/upload/v1791133968/admin-uploads/seeder/80abe5349b26d2166f899039e7730dfa96ab47829203620e1243ef02f7ed7d97.webp,Hoangvantoanajc,CC BY-SA 3.0,https://creativecommons.org/licenses/by-sa/3.0,https://commons.wikimedia.org/wiki/File:Th%C3%A1p_chu%C3%B4ng_La_Vang.JPG,Resized and converted to WebP; source photograph license retained
