source,http_status,database_references,seed_references,resolution
https://images.unsplash.com/photo-1562914399-bfb17f539e6a?w=1200,404,0,0,Removed from fallback pool in earlier image migration; absent from current seed/database
https://images.unsplash.com/photo-1620864388481-98782a64c4c2?w=1200,404,0,0,Removed from fallback pool in earlier image migration; absent from current seed/database
https://images.unsplash.com/photo-1583417646549-b3a62002b80a?w=1200,404,0,0,Removed from fallback pool in earlier image migration; absent from current seed/database
https://images.unsplash.com/photo-1621644023249-14a0fc8423f5?w=1200,404,0,0,Removed from fallback pool in earlier image migration; absent from current seed/database
https://images.unsplash.com/photo-1572948624128-4ce68832a8a7?w=1200,404,0,0,Removed from fallback pool in earlier image migration; absent from current seed/database
https://images.unsplash.com/photo-1602728806416-4b46ef25c71d?w=1200,404,0,0,Removed from fallback pool in earlier image migration; absent from current seed/database
https://images.unsplash.com/photo-1601004185799-798835f8fc32?w=1200,404,0,0,Removed from fallback pool in earlier image migration; absent from current seed/database
https://images.unsplash.com/photo-1533050487297-09b45013190a?w=1200,404,0,0,Removed from fallback pool in earlier image migration; absent from current seed/database
https://images.unsplash.com/photo-1583569704400-988c564cd2bd?w=1200,404,0,0,Removed from fallback pool in earlier image migration; absent from current seed/database
